sched_dep_time,act_dep_time,original_index,unique_index
7:10 a.m.,7:16 a.m.,0,0
7:45 p.m.,7:58 p.m.,1,1
6:30 p.m.,,2,2
6:40 a.m.,6:54 a.m.,3,3
12:15 p.m.,12:41 p.m.,4,4
11:25 p.m.,,5,5
7:00 a.m.,7:25 a.m.,6,6
4:15 p.m.,4:29 p.m.,7,7
11:50 a.m.,12:12 p.m.,8,8
6:00 a.m.,6:08 a.m.,9,9
10:45 a.m.,10:55 a.m.,10,10
7:55 a.m.,8:04 a.m.,11,11
10:15 a.m.,10:18 a.m.,12,12
7:30 a.m.,8:04 a.m.,13,13
1:00 p.m.,2:04 p.m.,14,14
9:05 a.m.,10:10 a.m.,15,15
11:45 a.m.,12:13 p.m.,16,16
7:25 a.m.,7:39 a.m.,17,17
6:45 a.m.,6:57 a.m.,18,18
11:35 a.m.,11:52 a.m.,19,19
10:40 a.m.,11:05 a.m.,20,20
3:35 p.m.,3:36 p.m.,21,21
7:15 a.m.,7:21 a.m.,22,22
6:45 p.m.,6:55 p.m.,23,23
12:00 p.m.,12:11 p.m.,24,24
6:00 a.m.,6:56 a.m.,25,25
7:10 a.m.,7:30 a.m.,26,26
4:55 p.m.,5:08 p.m.,27,27
8:00 p.m.,8:23 p.m.,28,28
10:40 a.m.,11:01 a.m.,29,29
10:40 a.m.,10:54 a.m.,30,30
11:55 p.m.,,31,31
9:00 p.m.,,32,32
8:25 p.m.,,33,33
6:59 a.m.,7:22 a.m.,34,34
8:35 a.m.,8:51 a.m.,35,35
1:30 p.m.,,36,36
8:20 p.m.,8:39 p.m.,37,37
2:35 p.m.,2:44 p.m.,38,38
2:55 p.m.,3:27 p.m.,39,39
7:15 a.m.,7:22 a.m.,40,40
12:10 p.m.,12:10 p.m.,41,41
1:05 p.m.,1:19 p.m.,42,42
8:35 a.m.,8:56 a.m.,43,43
3:05 p.m.,3:36 p.m.,44,44
11:25 a.m.,11:40 a.m.,45,45
4:00 p.m.,4:12 p.m.,46,46
7:10 a.m.,7:31 a.m.,47,47
6:00 a.m.,6:10 a.m.,48,48
7:10 a.m.,7:39 a.m.,49,49
,7:16 a.m.,50,50
7:00 p.m.,,51,51
,6:54 a.m.,52,52
,8:48 a.m.,53,53
,9:00 a.m.,54,54
,7:59 p.m.,55,55
,3:50 p.m.,56,56
11:25 a.m.,,57,57
,11:41 a.m.,58,58
,10:53 a.m.,59,59
,11:29 p.m.,60,60
,6:10 a.m.,61,61
12:30 a.m.,,62,62
,4:10 p.m.,63,63
7:35 a.m.,,64,64
9:45 a.m.,,65,65
,10:11 a.m.,66,66
,8:26 a.m.,67,67
,7:25 a.m.,68,68
,4:29 p.m.,69,69
,10:54 a.m.,70,70
2:30 p.m.,,71,71
8:05 a.m.,,72,72
,3:04 p.m.,73,73
,12:13 p.m.,74,74
11:40 a.m.,,75,75
,6:09 a.m.,76,76
,11:45 a.m.,77,77
6:00 a.m.,,78,78
8:40 a.m.,,79,79
,10:19 a.m.,80,80
,2:03 p.m.,81,81
,8:07 a.m.,82,82
,12:56 p.m.,83,83
,12:14 p.m.,84,84
,2:43 p.m.,85,85
,12:07 p.m.,86,86
5:25 p.m.,,87,87
7:10 p.m.,,88,88
,11:06 a.m.,89,89
,1:43 p.m.,90,90
3:35 p.m.,,91,91
,7:22 a.m.,92,92
,6:47 p.m.,93,93
,6:56 p.m.,94,94
,12:12 p.m.,95,95
7:15 p.m.,,96,96
,2:04 p.m.,97,97
9:15 a.m.,,98,98
,6:57 a.m.,99,99
,7:31 a.m.,100,100
,5:09 p.m.,101,101
,7:39 a.m.,102,102
,4:44 p.m.,103,103
,4:37 p.m.,104,104
,8:23 p.m.,105,105
10:25 a.m.,,106,106
,7:30 a.m.,107,107
,11:02 a.m.,108,108
,1:48 p.m.,109,109
,12:42 p.m.,110,110
1:29 p.m.,,111,111
,12:11 a.m.,112,112
,4:28 p.m.,113,113
,9:06 p.m.,114,114
,8:29 p.m.,115,115
,7:23 a.m.,116,116
,8:52 a.m.,117,117
,8:37 a.m.,118,118
,1:41 p.m.,119,119
2:53 p.m.,,120,120
,7:41 a.m.,121,121
11:08 p.m.,,122,122
,5:38 p.m.,123,123
,1:50 p.m. (+8:00),124,124
,11:47 a.m.,125,125
,8:40 p.m.,126,126
,3:04 p.m.,127,73
2:30 p.m.,,128,71
8:55 a.m.,,129,127
,2:44 p.m.,130,128
,3:28 p.m.,131,129
,7:22 a.m.,132,92
,12:11 p.m.,133,130
,8:04 a.m.,134,131
9:05 a.m. (-00:00),,135,132
,1:20 p.m.,136,133
,8:55 a.m.,137,134
,3:38 p.m.,138,135
,8:04 a.m.,139,131
,4:12 p.m.,140,136
,11:52 a.m.,141,137
2:55 p.m.,,142,138
,11:55 a.m.,143,139
,10:55 a.m.,144,140
,6:58 a.m.,145,141
4:00 p.m.,,146,142
,6:11 a.m.,147,143
,7:40 a.m.,148,144
,7:32 a.m.,149,145
7:10 a.m.,7:16 a.m.,150,0
,7:42 p.m.,151,146
6:40 a.m.,6:54 a.m.,152,3
8:00 a.m.,8:49 a.m.,153,147
,9:01 a.m.,154,148
7:45 p.m.,7:59 p.m.,155,149
12:00 p.m.,12:12 p.m.,156,150
3:27 p.m.,3:50 p.m.,157,151
,12:37 p.m.,158,152
,10:53 a.m.,159,59
11:25 p.m.,Not Available,160,153
,6:10 a.m.,161,61
,12:58 a.m.,162,154
4:00 p.m.,4:10 p.m.,163,155
,7:56 a.m.,164,156
,10:35 a.m.,165,157
9:05 a.m.,10:11 a.m.,166,158
,8:26 a.m.,167,67
7:00 a.m.,7:25 a.m.,168,6
4:15 p.m.,4:30 p.m.,169,159
,10:55 a.m.,170,140
,2:59 p.m.,171,160
,8:18 a.m.,172,161
,3:04 p.m.,173,73
11:50 a.m.,12:13 p.m.,174,162
,12:06 p.m.,175,163
6:00 a.m.,6:09 a.m.,176,164
11:05 a.m.,11:45 a.m.,177,165
,6:17 a.m.,178,166
,9:01 a.m.,179,148
10:15 a.m.,10:19 a.m.,180,167
1:00 p.m.,2:04 p.m.,181,14
,8:07 a.m.,182,82
,12:56 p.m.,183,83
,12:14 p.m.,184,84
2:30 p.m.,2:43 p.m.,185,168
12:00 p.m.,12:08 p.m.,186,169
,5:38 p.m.,187,123
,8:36 p.m.,188,170
10:40 a.m.,11:06 a.m.,189,171
12:57 p.m.,,190,172
,3:36 p.m.,191,173
7:15 a.m.,7:22 a.m.,192,40
6:30 p.m.,Not Available,193,174
6:45 p.m.,6:56 p.m.,194,175
7:15 p.m.,Not Available,195,176
,2:38 p.m.,196,177
9:15 a.m.,9:58 a.m.,197,178
6:00 a.m.,6:57 a.m.,198,179
7:10 a.m.,7:31 a.m.,199,47
,5:09 p.m.,200,101
3:50 p.m.,4:46 p.m.,201,180
,4:37 p.m.,202,104
8:00 p.m.,8:23 p.m.,203,28
,10:37 a.m.,204,181
,7:31 a.m.,205,100
10:40 a.m.,11:02 a.m.,206,182
1:33 p.m.,1:48 p.m.,207,183
12:15 p.m.,12:42 p.m.,208,184
,2:01 p.m.,209,185
11:55 p.m.,,210,31
4:25 p.m.,Not Available,211,186
9:00 p.m.,Not Available,212,187
8:25 p.m.,Not Available,213,188
6:59 a.m.,7:23 a.m.,214,189
8:35 a.m.,8:52 a.m.,215,190
,8:37 a.m.,216,118
1:30 p.m.,Not Available,217,191
,3:17 p.m.,218,192
,7:41 a.m.,219,121
11:08 p.m.,,220,122
5:30 p.m.,,221,193
,12:45 a.m.,222,194
,11:47 a.m.,223,125
,8:40 p.m.,224,126
,3:04 p.m.,225,73
,2:59 p.m.,226,160
,9:43 a.m.,227,195
2:35 p.m.,2:44 p.m.,228,38
2:55 p.m.,3:28 p.m.,229,196
7:15 a.m.,7:23 a.m.,230,197
12:10 p.m.,12:11 p.m.,231,198
7:55 a.m.,8:05 a.m.,232,199
,9:05 a.m.,233,200
1:05 p.m.,1:20 p.m.,234,201
,8:56 a.m.,235,202
3:05 p.m.,3:38 p.m.,236,203
7:30 a.m.,8:04 a.m.,237,13
,11:41 a.m.,238,58
4:00 p.m.,4:12 p.m.,239,46
11:35 a.m.,11:52 a.m.,240,19
7:25 a.m.,7:40 a.m.,241,204
,4:02 p.m.,242,205
11:55 a.m.,11:55 a.m.,243,206
10:40 a.m.,10:55 a.m.,244,207
6:45 a.m.,6:58 a.m.,245,208
4:00 p.m.,4:15 p.m.,246,209
6:00 a.m.,6:11 a.m.,247,210
7:10 a.m.,7:40 a.m.,248,211
7:10 a.m.,7:32 a.m.,249,212
7:10 a.m.,,250,213
6:40 a.m.,6:54 a.m.,251,3
8:00 a.m.,8:49 a.m.,252,147
8:41 a.m.,,253,214
7:45 p.m.,,254,215
6:30 p.m.,6:56 p.m.,255,216
3:27 p.m.,,256,217
11:25 a.m.,,257,57
11:25 a.m.,,258,57
10:39 a.m.,,259,218
11:25 p.m.,11:58 p.m.,260,219
6:00 a.m.,,261,78
12:15 p.m.,,262,220
4:00 p.m.,,263,142
9:45 a.m.,,264,65
7:00 a.m.,,265,221
8:15 a.m.,,266,222
4:15 p.m.,,267,223
2:30 p.m.,,268,71
11:50 a.m.,,269,224
6:00 a.m.,6:09 a.m.,270,164
11:05 a.m.,,271,225
6:00 a.m.,,272,78
8:40 a.m.,,273,79
10:45 a.m.,,274,226
10:15 a.m.,10:19 a.m.,275,167
7:30 a.m.,,276,227
1:00 p.m.,2:04 p.m.,277,14
12:30 a.m.,,278,62
9:05 a.m.,10:11 a.m.,279,158
11:45 a.m.,,280,228
12:00 p.m.,,281,229
7:25 a.m.,7:40 a.m.,282,204
11:35 a.m.,11:52 a.m.,283,19
10:40 a.m.,11:06 a.m.,284,171
7:15 a.m.,7:22 a.m.,285,40
8:05 a.m.,,286,72
6:45 p.m.,,287,230
12:00 p.m.,12:12 p.m.,288,150
7:15 p.m.,,289,96
1:55 p.m.,,290,231
9:15 a.m.,,291,98
6:00 a.m.,,292,78
7:10 a.m.,7:31 a.m.,293,47
3:50 p.m.,,294,232
4:16 p.m.,,295,233
8:00 p.m.,,296,234
10:25 a.m.,,297,106
7:05 a.m.,,298,235
10:40 a.m.,11:02 a.m.,299,182
1:33 p.m.,,300,236
11:55 p.m.,12:11 a.m.,301,237
4:25 p.m.,4:30 p.m.,302,238
9:00 p.m.,,303,32
8:25 p.m.,8:44 p.m.,304,239
6:59 a.m.,7:23 a.m.,305,189
8:35 a.m.,8:52 a.m.,306,190
2:30 p.m.,,307,71
8:29 a.m.,,308,240
1:30 p.m.,,309,36
2:53 p.m.,,310,120
7:35 a.m.,,311,64
1:45 p.m.,,312,241
11:15 a.m.,,313,242
8:20 p.m.,,314,243
2:55 p.m.,,315,138
2:30 p.m.,,316,71
2:35 p.m.,,317,244
2:55 p.m.,,318,138
7:15 a.m.,7:23 a.m.,319,197
2:55 p.m.,,320,138
12:10 p.m.,,321,245
7:55 a.m.,,322,246
9:05 a.m.,,323,247
1:05 p.m.,1:20 p.m.,324,201
7:53 a.m.,8:07 a.m.,325,248
8:35 a.m.,,326,249
3:05 p.m.,,327,250
4:00 p.m.,,328,142
2:55 p.m.,,329,138
11:55 a.m.,,330,251
10:40 a.m.,,331,252
6:45 a.m.,6:58 a.m.,332,208
4:00 p.m.,,333,142
6:00 a.m.,,334,78
7:10 a.m.,7:40 a.m.,335,211
7:10 a.m.,,336,213
,7:16 a.m.,337,50
7:00 p.m.,,338,51
,6:54 a.m.,339,52
,8:48 a.m.,340,53
,9:00 a.m.,341,54
,7:59 p.m.,342,55
,3:50 p.m.,343,56
11:25 a.m.,,344,57
,11:41 a.m.,345,58
,10:53 a.m.,346,59
,11:29 p.m.,347,60
,6:10 a.m.,348,61
12:30 a.m.,,349,62
,4:10 p.m.,350,63
7:35 a.m.,,351,64
9:45 a.m.,,352,65
,10:11 a.m.,353,66
,8:26 a.m.,354,67
,7:25 a.m.,355,68
,4:29 p.m.,356,69
,10:54 a.m.,357,70
2:30 p.m.,,358,71
8:05 a.m.,,359,72
,3:04 p.m.,360,73
,12:13 p.m.,361,74
11:40 a.m.,,362,75
,6:09 a.m.,363,76
,11:45 a.m.,364,77
6:00 a.m.,,365,78
8:40 a.m.,,366,79
,10:19 a.m.,367,80
,2:03 p.m.,368,81
,8:07 a.m.,369,82
,12:56 p.m.,370,83
,12:14 p.m.,371,84
,2:43 p.m.,372,85
,12:07 p.m.,373,86
5:25 p.m.,,374,87
7:10 p.m.,,375,88
,11:06 a.m.,376,89
,1:43 p.m.,377,90
3:35 p.m.,,378,91
,7:22 a.m.,379,92
,6:47 p.m.,380,93
,6:56 p.m.,381,94
,12:12 p.m.,382,95
7:15 p.m.,,383,96
,2:04 p.m.,384,97
9:15 a.m.,,385,98
,6:57 a.m.,386,99
,7:31 a.m.,387,100
,5:09 p.m.,388,101
,7:39 a.m.,389,102
,4:44 p.m.,390,103
,4:37 p.m.,391,104
,8:23 p.m.,392,105
10:25 a.m.,,393,106
,7:30 a.m.,394,107
,11:02 a.m.,395,108
,1:48 p.m.,396,109
,12:42 p.m.,397,110
1:29 p.m.,,398,111
,12:11 a.m.,399,112
,4:28 p.m.,400,113
,9:06 p.m.,401,114
,8:29 p.m.,402,115
,7:23 a.m.,403,116
,8:52 a.m.,404,117
,8:37 a.m.,405,118
,1:41 p.m.,406,119
2:53 p.m.,,407,120
,7:41 a.m.,408,121
11:08 p.m.,,409,122
,5:38 p.m.,410,123
,1:50 p.m. (+8:00),411,124
,11:47 a.m.,412,125
,8:40 p.m.,413,126
,3:04 p.m.,414,73
2:30 p.m.,,415,71
8:55 a.m.,,416,127
,2:44 p.m.,417,128
,3:28 p.m.,418,129
,7:22 a.m.,419,92
,12:11 p.m.,420,130
,8:04 a.m.,421,131
9:05 a.m. (-00:00),,422,132
,1:20 p.m.,423,133
,8:55 a.m.,424,134
,3:38 p.m.,425,135
,8:04 a.m.,426,131
,4:12 p.m.,427,136
,11:52 a.m.,428,137
2:55 p.m.,,429,138
,11:55 a.m.,430,139
,10:55 a.m.,431,140
,6:58 a.m.,432,141
4:00 p.m.,,433,142
,6:11 a.m.,434,143
,7:40 a.m.,435,144
,7:32 a.m.,436,145
7:10 a.m.,7:16 a.m.,437,0
,7:42 p.m.,438,146
6:40 a.m.,6:54 a.m.,439,3
8:00 a.m.,8:49 a.m.,440,147
,9:01 a.m.,441,148
7:45 p.m.,7:59 p.m.,442,149
12:00 p.m.,12:12 p.m.,443,150
3:27 p.m.,3:50 p.m.,444,151
,12:37 p.m.,445,152
,10:53 a.m.,446,59
11:25 p.m.,,447,5
,6:10 a.m.,448,61
,12:58 a.m.,449,154
4:00 p.m.,4:10 p.m.,450,155
,7:56 a.m.,451,156
,10:35 a.m.,452,157
9:05 a.m.,10:11 a.m.,453,158
,8:26 a.m.,454,67
7:00 a.m.,7:25 a.m.,455,6
4:15 p.m.,4:30 p.m.,456,159
,10:55 a.m.,457,140
,2:59 p.m.,458,160
,8:18 a.m.,459,161
,3:04 p.m.,460,73
11:50 a.m.,12:13 p.m.,461,162
,12:06 p.m.,462,163
6:00 a.m.,6:09 a.m.,463,164
11:05 a.m.,11:45 a.m.,464,165
,6:17 a.m.,465,166
,9:01 a.m.,466,148
10:15 a.m.,10:19 a.m.,467,167
1:00 p.m.,2:04 p.m.,468,14
,8:07 a.m.,469,82
,12:56 p.m.,470,83
,12:14 p.m.,471,84
2:30 p.m.,2:43 p.m.,472,168
12:00 p.m.,12:08 p.m.,473,169
,5:38 p.m.,474,123
,8:36 p.m.,475,170
10:40 a.m.,11:06 a.m.,476,171
,1:43 p.m.,477,90
,3:36 p.m.,478,173
7:15 a.m.,7:22 a.m.,479,40
6:30 p.m.,,480,2
6:45 p.m.,6:56 p.m.,481,175
7:15 p.m.,,482,96
,2:38 p.m.,483,177
9:15 a.m.,9:58 a.m.,484,178
6:00 a.m.,6:57 a.m.,485,179
7:10 a.m.,7:31 a.m.,486,47
,5:09 p.m.,487,101
3:50 p.m.,4:46 p.m.,488,180
,4:37 p.m.,489,104
8:00 p.m.,8:23 p.m.,490,28
,10:37 a.m.,491,181
,7:31 a.m.,492,100
10:40 a.m.,11:02 a.m.,493,182
1:33 p.m.,1:48 p.m.,494,183
12:15 p.m.,12:42 p.m.,495,184
,2:01 p.m.,496,185
11:55 p.m.,,497,31
4:25 p.m.,,498,253
9:00 p.m.,,499,32
8:25 p.m.,,500,33
6:59 a.m.,7:23 a.m.,501,189
8:35 a.m.,8:52 a.m.,502,190
,8:37 a.m.,503,118
1:30 p.m.,,504,36
,3:17 p.m.,505,192
,7:41 a.m.,506,121
11:08 p.m.,,507,122
5:30 p.m.,,508,193
,1:45 p.m.,509,254
,11:47 a.m.,510,125
,8:40 p.m.,511,126
,3:04 p.m.,512,73
,2:59 p.m.,513,160
,9:43 a.m.,514,195
2:35 p.m.,2:44 p.m.,515,38
2:55 p.m.,3:28 p.m.,516,196
7:15 a.m.,7:23 a.m.,517,197
12:10 p.m.,12:11 p.m.,518,198
7:55 a.m.,8:05 a.m.,519,199
,9:05 a.m.,520,200
1:05 p.m.,1:20 p.m.,521,201
,8:56 a.m.,522,202
3:05 p.m.,3:38 p.m.,523,203
7:30 a.m.,8:04 a.m.,524,13
,11:41 a.m.,525,58
4:00 p.m.,4:12 p.m.,526,46
11:35 a.m.,11:52 a.m.,527,19
7:25 a.m.,7:40 a.m.,528,204
,4:02 p.m.,529,205
11:55 a.m.,11:55 a.m.,530,206
10:40 a.m.,10:55 a.m.,531,207
6:45 a.m.,6:58 a.m.,532,208
4:00 p.m.,4:15 p.m.,533,209
6:00 a.m.,6:11 a.m.,534,210
7:10 a.m.,7:40 a.m.,535,211
7:10 a.m.,7:32 a.m.,536,212
7:10 a.m.,7:16 a.m.,537,0
7:00 p.m.,7:14 p.m.,538,255
6:40 a.m.,6:54 a.m.,539,3
8:00 a.m.,8:29 a.m.,540,256
8:41 a.m.,8:42 a.m.,541,257
7:45 p.m.,7:58 p.m.,542,1
11:45 a.m.,12:13 p.m.,543,16
6:30 p.m.,6:47 p.m. (Estimated runway),544,258
3:27 p.m.,3:28 p.m.,545,259
11:25 a.m.,11:32 a.m.,546,260
11:25 p.m.,11:29 p.m. (Estimated runway),547,261
6:00 a.m.,5:56 a.m.,548,262
12:30 a.m.,12:41 a.m.,549,263
4:00 p.m.,3:58 p.m.,550,264
7:35 a.m.,7:29 a.m.,551,265
9:45 a.m.,10:19 a.m.,552,266
7:00 a.m.,7:25 a.m.,553,6
8:15 a.m.,8:12 a.m.,554,267
4:15 p.m.,4:29 p.m.,555,7
9:05 a.m.,10:10 a.m.,556,15
2:30 p.m.,2:48 p.m.,557,268
5:25 p.m.,5:22 p.m.,558,269
11:50 a.m.,12:12 p.m.,559,8
11:40 a.m.,11:56 a.m.,560,270
6:00 a.m.,6:08 a.m.,561,9
11:05 a.m.,11:30 a.m.,562,271
6:00 a.m.,6:02 a.m.,563,272
8:40 a.m.,8:40 a.m.,564,273
7:55 a.m.,8:04 a.m.,565,11
10:15 a.m.,10:18 a.m.,566,12
7:30 a.m.,8:04 a.m.,567,13
1:00 p.m.,2:04 p.m.,568,14
6:45 a.m.,6:57 a.m.,569,18
12:15 p.m.,12:41 p.m.,570,4
12:30 p.m.,12:35 p.m.,571,274
12:00 p.m.,11:51 a.m.,572,275
7:10 p.m.,8:25 p.m.,573,276
11:35 a.m.,11:52 a.m.,574,19
10:40 a.m.,11:05 a.m.,575,20
12:57 p.m.,1:32 p.m.,576,277
3:35 p.m.,3:36 p.m.,577,21
7:15 a.m.,7:21 a.m.,578,22
8:05 a.m.,8:00 a.m.,579,278
6:45 p.m.,6:55 p.m.,580,23
12:00 p.m.,12:11 p.m.,581,24
7:15 p.m.,7:15 p.m. (Estimated),582,279
1:55 p.m.,2:10 p.m.,583,280
9:15 a.m.,9:14 a.m.,584,281
6:00 a.m.,6:56 a.m.,585,25
7:10 a.m.,7:30 a.m.,586,26
4:55 p.m.,5:08 p.m.,587,27
7:25 a.m.,7:39 a.m.,588,17
3:50 p.m.,4:28 p.m.,589,282
4:16 p.m.,4:15 p.m.,590,283
8:00 p.m.,8:23 p.m.,591,28
10:25 a.m.,10:20 a.m.,592,284
7:05 a.m.,7:07 a.m.,593,285
10:40 a.m.,11:01 a.m.,594,29
1:33 p.m.,1:31 p.m.,595,286
1:29 p.m.,1:48 p.m.,596,287
11:55 p.m.,12:10 a.m. (Estimated runway),597,288
4:25 p.m.,4:28 p.m. (Estimated runway),598,289
9:00 p.m.,9:06 p.m. (Estimated runway),599,290
8:25 p.m.,8:29 p.m. (Estimated runway),600,291
2:55 p.m.,2:46 p.m.,601,292
6:59 a.m.,7:22 a.m.,602,34
8:35 a.m.,8:51 a.m.,603,35
2:30 p.m.,2:26 p.m.,604,293
8:29 a.m.,8:26 a.m.,605,294
2:53 p.m.,3:01 p.m.,606,295
11:08 p.m.,,607,122
5:30 p.m.,5:30 p.m. (Estimated),608,296
11:15 a.m.,11:15 a.m.,609,297
8:20 p.m.,8:39 p.m.,610,37
2:55 p.m.,2:52 p.m.,611,298
2:30 p.m.,2:48 p.m.,612,268
2:35 p.m.,2:44 p.m.,613,38
2:55 p.m.,3:27 p.m.,614,39
7:15 a.m.,7:22 a.m.,615,40
12:10 p.m.,12:10 p.m.,616,41
1:05 p.m.,1:19 p.m.,617,42
7:53 a.m.,7:49 a.m.,618,299
8:35 a.m.,8:56 a.m.,619,43
3:05 p.m.,3:36 p.m.,620,44
4:00 p.m.,4:12 p.m.,621,46
7:10 a.m.,7:31 a.m.,622,47
2:55 p.m.,3:31 p.m.,623,300
11:55 a.m.,11:43 a.m.,624,301
10:40 a.m.,10:54 a.m.,625,30
4:00 p.m.,3:58 p.m.,626,264
6:00 a.m.,6:10 a.m.,627,48
7:10 a.m.,7:39 a.m.,628,49
7:10 a.m.,7:16 a.m.,629,0
,7:42 p.m.,630,146
6:40 a.m.,6:54 a.m.,631,3
8:00 a.m.,8:49 a.m.,632,147
,9:01 a.m.,633,148
7:45 p.m.,7:59 p.m.,634,149
12:00 p.m.,12:12 p.m.,635,150
3:27 p.m.,3:50 p.m.,636,151
,12:37 p.m.,637,152
,10:53 a.m.,638,59
11:25 p.m.,,639,5
,6:10 a.m.,640,61
,12:58 a.m.,641,154
4:00 p.m.,4:10 p.m.,642,155
,7:56 a.m.,643,156
,10:35 a.m.,644,157
9:05 a.m.,10:11 a.m.,645,158
,8:26 a.m.,646,67
7:00 a.m.,7:25 a.m.,647,6
4:15 p.m.,4:30 p.m.,648,159
,10:55 a.m.,649,140
,2:59 p.m.,650,160
,8:18 a.m.,651,161
,3:04 p.m.,652,73
11:50 a.m.,12:13 p.m.,653,162
,12:06 p.m.,654,163
6:00 a.m.,6:09 a.m.,655,164
11:05 a.m.,11:45 a.m.,656,165
,6:17 a.m.,657,166
,9:01 a.m.,658,148
10:15 a.m.,10:19 a.m.,659,167
1:00 p.m.,2:04 p.m.,660,14
,8:07 a.m.,661,82
,12:56 p.m.,662,83
,12:14 p.m.,663,84
2:30 p.m.,2:43 p.m.,664,168
12:00 p.m.,12:08 p.m.,665,169
,5:38 p.m.,666,123
,8:36 p.m.,667,170
10:40 a.m.,11:06 a.m.,668,171
,1:43 p.m.,669,90
,3:36 p.m.,670,173
7:15 a.m.,7:22 a.m.,671,40
6:30 p.m.,,672,2
6:45 p.m.,6:56 p.m.,673,175
7:15 p.m.,,674,96
,2:38 p.m.,675,177
9:15 a.m.,9:58 a.m.,676,178
6:00 a.m.,6:57 a.m.,677,179
7:10 a.m.,7:31 a.m.,678,47
,5:09 p.m.,679,101
3:50 p.m.,4:46 p.m.,680,180
,4:37 p.m.,681,104
8:00 p.m.,8:23 p.m.,682,28
,10:37 a.m.,683,181
,7:31 a.m.,684,100
10:40 a.m.,11:02 a.m.,685,182
1:33 p.m.,1:48 p.m.,686,183
12:15 p.m.,12:42 p.m.,687,184
,2:01 p.m.,688,185
11:55 p.m.,,689,31
4:25 p.m.,,690,253
9:00 p.m.,,691,32
8:25 p.m.,,692,33
6:59 a.m.,7:23 a.m.,693,189
8:35 a.m.,8:52 a.m.,694,190
,8:37 a.m.,695,118
1:30 p.m.,,696,36
,3:17 p.m.,697,192
,7:41 a.m.,698,121
11:08 p.m.,,699,122
5:30 p.m.,,700,193
,1:45 p.m.,701,254
,11:47 a.m.,702,125
,8:40 p.m.,703,126
,3:04 p.m.,704,73
,2:59 p.m.,705,160
,9:43 a.m.,706,195
2:35 p.m.,2:44 p.m.,707,38
2:55 p.m.,3:28 p.m.,708,196
7:15 a.m.,7:23 a.m.,709,197
12:10 p.m.,12:11 p.m.,710,198
7:55 a.m.,8:05 a.m.,711,199
,9:05 a.m.,712,200
1:05 p.m.,1:20 p.m.,713,201
,8:56 a.m.,714,202
3:05 p.m.,3:38 p.m.,715,203
7:30 a.m.,8:04 a.m.,716,13
,11:41 a.m.,717,58
4:00 p.m.,4:12 p.m.,718,46
11:35 a.m.,11:52 a.m.,719,19
7:25 a.m.,7:40 a.m.,720,204
,4:02 p.m.,721,205
11:55 a.m.,11:55 a.m.,722,206
10:40 a.m.,10:55 a.m.,723,207
6:45 a.m.,6:58 a.m.,724,208
4:00 p.m.,4:15 p.m.,725,209
6:00 a.m.,6:11 a.m.,726,210
7:10 a.m.,7:40 a.m.,727,211
7:10 a.m.,7:32 a.m.,728,212
,7:16 a.m.,729,50
,7:59 p.m.,730,55
,7:41 p.m.,731,302
,8:47 a.m.,732,303
,9:01 a.m.,733,148
6:30 p.m.,,734,2
,11:41 a.m.,735,58
,10:53 a.m.,736,59
11:25 p.m.,,737,5
,6:09 a.m.,738,76
,12:57 a.m.,739,304
,12:42 p.m.,740,110
,7:25 a.m.,741,68
,4:30 p.m.,742,305
,10:11 a.m.,743,66
,12:13 p.m.,744,74
,12:05 p.m.,745,306
,6:09 a.m.,746,76
,8:05 a.m.,747,307
,10:19 a.m.,748,80
,8:04 a.m.,749,131
,2:04 p.m.,750,97
,12:55 p.m.,751,308
,12:14 p.m.,752,84
,2:41 p.m.,753,309
,11:52 a.m.,754,137
,11:06 a.m.,755,89
1:09 p.m.,,756,310
,3:36 p.m.,757,173
,7:22 a.m.,758,92
,6:56 p.m.,759,94
,12:12 p.m.,760,95
,9:56 a.m.,761,311
,6:57 a.m.,762,99
,7:31 a.m.,763,100
,5:09 p.m.,764,101
,7:40 a.m.,765,144
,4:35 p.m.,766,312
,8:23 p.m.,767,105
,10:55 a.m.,768,140
,1:46 p.m.,769,313
,1:59 p.m.,770,314
11:55 p.m.,,771,31
9:00 p.m.,,772,32
8:25 p.m.,,773,33
,7:23 a.m.,774,116
,8:52 a.m.,775,117
,8:37 a.m.,776,118
1:30 p.m.,,777,36
,11/30/2011 11:34 p.m.,778,315
5:30 p.m.,,779,193
,8:17 a.m.,780,316
,2:44 p.m.,781,128
,7:23 a.m.,782,116
4:25 p.m.,,783,253
,7:41 a.m.,784,121
,12:11 p.m.,785,130
,1:20 p.m.,786,133
,7:32 a.m.,787,145
,10:55 a.m.,788,140
,6:58 a.m.,789,141
,6:11 a.m.,790,143
,7:40 a.m.,791,144
,,792,317
,,793,317
,,794,317
,,795,317
,,796,317
12:30,12:30,797,318
1:00 p.m.,,798,319
8:25 p.m.,,799,33
11:50 a.m.,,800,224
10:40 a.m.,,801,252
4:15 p.m.,,802,223
,,803,317
,,804,317
,,805,317
,,806,317
,,807,317
Thu  20:00,,808,320
,,809,317
,,810,317
7:10 a.m.,7:16 a.m.,811,0
,7:14 p.m.,812,321
6:40 a.m.,6:54 a.m.,813,3
8:00 a.m.,8:29 a.m.,814,256
,8:42 a.m.,815,322
7:45 p.m.,,816,215
12:00 p.m.,12:11 p.m.,817,24
3:27 p.m.,3:28 p.m.,818,259
,11:32 a.m.,819,323
,10:33 a.m.,820,324
11:25 p.m.,,821,5
,5:56 a.m.,822,325
,12:41 a.m.,823,326
4:00 p.m.,3:58 p.m.,824,264
,7:29 a.m.,825,327
,10:19 a.m.,826,80
9:05 a.m.,10:10 a.m.,827,15
,8:12 a.m.,828,328
7:00 a.m.,7:25 a.m.,829,6
4:15 p.m.,4:29 p.m.,830,7
,10:55 a.m.,831,140
,2:48 p.m.,832,329
,8:00 a.m.,833,330
,2:46 p.m.,834,331
11:50 a.m.,12:12 p.m.,835,8
,11:56 a.m.,836,332
6:00 a.m.,6:08 a.m.,837,9
11:05 a.m.,11:30 a.m.,838,271
,6:02 a.m.,839,333
,8:40 a.m.,840,334
10:15 a.m.,10:18 a.m.,841,12
1:00 p.m.,2:04 p.m.,842,14
,7:49 a.m.,843,335
,12:35 p.m.,844,336
,12:13 p.m.,845,74
2:30 p.m.,2:26 p.m.,846,293
12:00 p.m.,11:51 a.m.,847,275
,5:22 p.m.,848,337
,8:25 p.m.,849,338
10:40 a.m.,11:05 a.m.,850,20
,1:32 p.m.,851,339
,3:36 p.m.,852,173
7:15 a.m.,7:21 a.m.,853,22
6:30 p.m.,,854,2
6:45 p.m.,6:55 p.m.,855,23
7:15 p.m.,,856,96
,2:10 p.m.,857,340
9:15 a.m.,9:14 a.m.,858,281
6:00 a.m.,6:56 a.m.,859,25
7:10 a.m.,7:30 a.m.,860,26
,5:08 p.m.,861,341
3:50 p.m.,4:28 p.m.,862,282
,4:15 p.m.,863,342
8:00 p.m.,8:23 p.m.,864,28
,10:20 a.m.,865,343
,7:07 a.m.,866,344
,11:01 a.m.,867,345
1:33 p.m.,1:31 p.m.,868,286
12:15 p.m.,12:41 p.m.,869,4
,1:48 p.m.,870,109
11:55 p.m.,,871,31
4:25 p.m.,,872,253
9:00 p.m.,,873,32
8:25 p.m.,,874,33
6:59 a.m.,7:22 a.m.,875,34
8:35 a.m.,8:51 a.m.,876,35
,8:26 a.m.,877,67
1:30 p.m.,,878,36
,3:01 p.m.,879,346
,7:27 a.m.,880,347
11:08 p.m.,,881,122
5:30 p.m.,,882,193
,1:32 p.m.,883,339
,11:15 a.m.,884,348
,8:39 p.m.,885,349
,2:52 p.m.,886,350
,2:48 p.m.,887,329
,9:16 a.m.,888,351
2:35 p.m.,2:44 p.m.,889,38
2:55 p.m.,3:27 p.m.,890,39
7:15 a.m.,7:22 a.m.,891,40
12:10 p.m.,12:10 p.m.,892,41
7:55 a.m.,8:04 a.m.,893,11
,8:52 a.m.,894,117
1:05 p.m.,1:19 p.m.,895,42
,8:56 a.m.,896,202
3:05 p.m.,3:36 p.m.,897,44
7:30 a.m.,8:04 a.m.,898,13
,11:40 a.m.,899,352
4:00 p.m.,4:12 p.m.,900,46
11:35 a.m.,11:52 a.m.,901,19
7:25 a.m.,7:39 a.m.,902,17
,3:31 p.m.,903,353
11:55 a.m.,11:43 a.m.,904,301
10:40 a.m.,10:54 a.m.,905,30
6:45 a.m.,6:57 a.m.,906,18
4:00 p.m.,3:58 p.m.,907,264
6:00 a.m.,6:10 a.m.,908,48
7:10 a.m.,7:39 a.m.,909,49
7:10 a.m.,7:31 a.m.,910,47
7:10 a.m.,7:16 a.m.,911,0
6:30 p.m.,6:56 p.m.,912,216
8:41 a.m.,,913,214
,12:14 p.m.,914,84
6:00 a.m.,,915,78
12:30 a.m.,,916,62
,7:56 a.m.,917,156
9:45 a.m.,,918,65
7:00 a.m.,,919,221
2:30 p.m.,,920,71
6:00 a.m.,6:09 a.m.,921,164
10:15 a.m.,10:19 a.m.,922,167
1:00 p.m.,2:04 p.m.,923,14
6:45 a.m.,6:57 a.m.,924,18
,12:56 p.m.,925,83
,4:02 p.m.,926,205
9:05 a.m.,10:11 a.m.,927,158
11:35 a.m.,11:52 a.m.,928,19
10:40 a.m.,11:06 a.m.,929,171
6:45 p.m.,6:55 p.m.,930,23
12:00 p.m.,12:12 p.m.,931,150
7:15 p.m.,7:15 p.m. (Estimated),932,279
9:15 a.m.,,933,98
3:50 p.m.,4:46 p.m.,934,180
,4:37 p.m.,935,104
8:00 p.m.,,936,234
10:25 a.m.,,937,106
,7:31 a.m.,938,100
10:40 a.m.,11:02 a.m.,939,182
1:33 p.m.,1:48 p.m.,940,183
1:29 p.m.,1:48 p.m.,941,287
4:25 p.m.,4:28 p.m. (Estimated runway),942,289
8:25 p.m.,8:29 p.m. (Estimated runway),943,291
8:35 a.m.,8:52 a.m.,944,190
2:30 p.m.,2:43 p.m.,945,168
8:29 a.m.,,946,240
11:08 p.m.,,947,122
5:30 p.m.,,948,193
1:45 p.m.,,949,241
,11:47 a.m.,950,125
8:20 p.m.,8:39 p.m.,951,37
,9:43 a.m.,952,195
,8:18 a.m.,953,161
7:15 a.m.,7:23 a.m.,954,197
2:55 p.m.,,955,138
7:35 a.m.,,956,64
12:10 p.m.,12:11 p.m.,957,198
7:55 a.m.,,958,246
9:05 a.m.,,959,247
,8:07 a.m.,960,82
3:05 p.m.,3:38 p.m.,961,203
11:25 a.m.,,962,57
4:00 p.m.,,963,142
,9:01 a.m.,964,148
10:40 a.m.,10:55 a.m.,965,207
6:00 a.m.,6:10 a.m.,966,48
7:10 a.m.,7:40 a.m.,967,211
7:10 a.m.,7:32 a.m.,968,212
7:10 a.m.,7:16 a.m.,969,0
6:00 a.m.,6:56 a.m.,970,25
7:10 a.m.,7:31 a.m.,971,47
6:30 p.m.,6:47 p.m.,972,354
7:25 a.m.,7:39 a.m.,973,17
11:05 a.m.,11:45 a.m.,974,165
8:41 a.m.,8:51 a.m.,975,355
1:33 p.m.,1:48 p.m.,976,183
1:05 p.m.,1:19 p.m.,977,42
8:25 p.m.,8:29 p.m.,978,356
7:15 p.m.,7:25 p.m.,979,357
5:25 p.m.,5:38 p.m.,980,358
4:00 p.m.,4:12 p.m.,981,46
7:27 p.m.,7:27 p.m.,982,359
7:15 a.m.,7:21 a.m.,983,22
3:35 p.m.,3:36 p.m.,984,21
6:00 a.m.,6:10 a.m.,985,48
7:10 a.m.,7:39 a.m.,986,49
6:45 p.m.,6:56 p.m.,987,175
3:05 p.m.,3:36 p.m.,988,44
7:10 a.m.,7:02 a.m.,989,360
6:40 a.m.,6:40 a.m.,990,361
Not Available,8:48 a.m.,991,362
Not Available,9:00 a.m.,992,363
7:45 p.m.,7:45 p.m.,993,364
6:30 p.m.,Not Available,994,174
12:00noon,11:54 a.m.,995,365
3:27 p.m.,Contact Airline,996,366
11:25 a.m.,11:20 a.m.,997,367
11:25 p.m.,Not Available,998,153
Not Available,6:09 a.m.,999,368
12:15 p.m.,12:10 p.m.,1000,369
4:00 p.m.,Contact Airline,1001,370
7:00 a.m.,7:04 a.m.,1002,371
Not Available,8:24 a.m.,1003,372
4:15 p.m.,4:16 p.m.,1004,373
2:30 p.m.,2:48 p.m.,1005,268
11:50 a.m.,11:54 a.m.,1006,374
6:00 a.m.,5:58 a.m.,1007,375
11:05 a.m.,Contact Airline,1008,376
6:00 a.m.,6:02 a.m.,1009,272
8:40 a.m.,8:40 a.m.,1010,273
10:45 a.m.,10:42 a.m.,1011,377
7:55 a.m.,7:51 a.m.,1012,378
10:15 a.m.,10:10 a.m.,1013,379
7:30 a.m.,7:28 a.m.,1014,380
1:00 p.m.,1:48 p.m.,1015,381
9:05 a.m.,9:59 a.m.,1016,382
11:45 a.m.,11:47 a.m.,1017,383
12:00noon,Contact Airline,1018,384
7:25 a.m.,7:22 a.m.,1019,385
11:35 a.m.,11:33 a.m.,1020,386
10:40 a.m.,10:46 a.m.,1021,387
7:15 a.m.,7:08 a.m.,1022,388
8:05 a.m.,8:00 a.m.,1023,278
6:45 p.m.,6:40 p.m.,1024,389
7:15 p.m.,Contact Airline,1025,390
Not Available,2:37 p.m.,1026,391
9:15 a.m.,9:14 a.m.,1027,281
6:00 a.m.,5:59 a.m.,1028,392
7:10 a.m.,7:10 a.m.,1029,393
3:50 p.m.,Contact Airline,1030,394
8:00 p.m.,8:01 p.m.,1031,395
7:05 a.m.,Contact Airline,1032,396
10:40 a.m.,10:47 a.m.,1033,397
Not Available,1:47 p.m.,1034,398
11:55 p.m.,Not Available,1035,399
4:25 p.m.,Not Available,1036,186
9:00 p.m.,Not Available,1037,187
8:25 p.m.,Not Available,1038,188
6:59 a.m.,6:56 a.m.,1039,400
8:35 a.m.,8:31 a.m.,1040,401
Not Available,2:42 p.m.,1041,402
Not Available,8:35 a.m.,1042,403
1:30 p.m.,Not Available,1043,191
2:53 p.m.,3:01 p.m.,1044,295
Not Available,7:41 a.m.,1045,404
Not Available,1:50 p.m.,1046,405
11:15 a.m.,Contact Airline,1047,406
8:20 p.m.,8:30 p.m.,1048,407
2:55 p.m.,Contact Airline,1049,408
2:30 p.m.,Contact Airline,1050,409
2:35 p.m.,2:32 p.m.,1051,410
2:55 p.m.,3:00 p.m.,1052,411
7:15 a.m.,7:10 a.m.,1053,412
2:55 p.m.,Contact Airline,1054,408
12:10 p.m.,12:01 p.m.,1055,413
9:05 a.m.,Contact Airline,1056,414
1:05 p.m.,1:06 p.m.,1057,415
Not Available,8:07 a.m.,1058,416
8:35 a.m.,8:32 a.m.,1059,417
3:05 p.m.,3:09 p.m.,1060,418
4:00 p.m.,3:52 p.m.,1061,419
2:55 p.m.,3:31 p.m.,1062,300
11:55 a.m.,Contact Airline,1063,420
10:40 a.m.,10:35 a.m.,1064,421
7:10 a.m.,7:05 a.m.,1065,422
6:45 a.m.,6:41 a.m.,1066,423
4:00 p.m.,3:58 p.m.,1067,264
6:00 a.m.,5:56 a.m.,1068,262
7:10 a.m.,7:14 a.m.,1069,424
7:10 a.m.,7:16 a.m.,1070,0
,7:42 p.m.,1071,146
6:40 a.m.,6:54 a.m.,1072,3
8:00 a.m.,8:49 a.m.,1073,147
,9:01 a.m.,1074,148
7:45 p.m.,7:59 p.m.,1075,149
12:00 p.m.,12:12 p.m.,1076,150
3:27 p.m.,3:50 p.m.,1077,151
,12:37 p.m.,1078,152
,10:53 a.m.,1079,59
11:25 p.m.,,1080,5
,6:10 a.m.,1081,61
,12:58 a.m.,1082,154
4:00 p.m.,4:10 p.m.,1083,155
,7:56 a.m.,1084,156
,10:35 a.m.,1085,157
9:05 a.m.,10:11 a.m.,1086,158
,8:26 a.m.,1087,67
7:00 a.m.,7:25 a.m.,1088,6
4:15 p.m.,4:30 p.m.,1089,159
,10:55 a.m.,1090,140
,2:59 p.m.,1091,160
,8:18 a.m.,1092,161
,3:04 p.m.,1093,73
11:50 a.m.,12:13 p.m.,1094,162
,12:06 p.m.,1095,163
6:00 a.m.,6:09 a.m.,1096,164
11:05 a.m.,11:45 a.m.,1097,165
,6:17 a.m.,1098,166
,9:01 a.m.,1099,148
10:15 a.m.,10:19 a.m.,1100,167
1:00 p.m.,2:04 p.m.,1101,14
,8:07 a.m.,1102,82
,12:56 p.m.,1103,83
,12:14 p.m.,1104,84
2:30 p.m.,2:43 p.m.,1105,168
12:00 p.m.,12:08 p.m.,1106,169
,5:38 p.m.,1107,123
,8:36 p.m.,1108,170
10:40 a.m.,11:06 a.m.,1109,171
,1:43 p.m.,1110,90
,3:36 p.m.,1111,173
7:15 a.m.,7:22 a.m.,1112,40
6:30 p.m.,,1113,2
6:45 p.m.,6:56 p.m.,1114,175
7:15 p.m.,,1115,96
,2:38 p.m.,1116,177
9:15 a.m.,9:58 a.m.,1117,178
6:00 a.m.,6:57 a.m.,1118,179
7:10 a.m.,7:31 a.m.,1119,47
,5:09 p.m.,1120,101
3:50 p.m.,4:46 p.m.,1121,180
,4:37 p.m.,1122,104
8:00 p.m.,8:23 p.m.,1123,28
,10:37 a.m.,1124,181
,7:31 a.m.,1125,100
10:40 a.m.,11:02 a.m.,1126,182
1:33 p.m.,1:48 p.m.,1127,183
12:15 p.m.,12:42 p.m.,1128,184
,2:01 p.m.,1129,185
11:55 p.m.,,1130,31
4:25 p.m.,,1131,253
9:00 p.m.,,1132,32
8:25 p.m.,,1133,33
6:59 a.m.,7:23 a.m.,1134,189
8:35 a.m.,8:52 a.m.,1135,190
,8:37 a.m.,1136,118
1:30 p.m.,,1137,36
,3:17 p.m.,1138,192
,7:41 a.m.,1139,121
11:08 p.m.,,1140,122
5:30 p.m.,,1141,193
,1:45 p.m.,1142,254
,11:47 a.m.,1143,125
,8:40 p.m.,1144,126
,3:04 p.m.,1145,73
,2:59 p.m.,1146,160
,9:43 a.m.,1147,195
2:35 p.m.,2:44 p.m.,1148,38
2:55 p.m.,3:28 p.m.,1149,196
7:15 a.m.,7:23 a.m.,1150,197
12:10 p.m.,12:11 p.m.,1151,198
7:55 a.m.,8:05 a.m.,1152,199
,9:05 a.m.,1153,200
1:05 p.m.,1:20 p.m.,1154,201
,8:56 a.m.,1155,202
3:05 p.m.,3:38 p.m.,1156,203
7:30 a.m.,8:04 a.m.,1157,13
,11:41 a.m.,1158,58
4:00 p.m.,4:12 p.m.,1159,46
11:35 a.m.,11:52 a.m.,1160,19
7:25 a.m.,7:40 a.m.,1161,204
,4:02 p.m.,1162,205
11:55 a.m.,11:55 a.m.,1163,206
10:40 a.m.,10:55 a.m.,1164,207
6:45 a.m.,6:58 a.m.,1165,208
4:00 p.m.,4:15 p.m.,1166,209
6:00 a.m.,6:11 a.m.,1167,210
7:10 a.m.,7:40 a.m.,1168,211
7:10 a.m.,7:32 a.m.,1169,212
7:10 a.m.,,1170,213
6:40 a.m.,6:54 a.m.,1171,3
,7:42 p.m.,1172,146
8:41 a.m.,,1173,214
7:45 p.m.,,1174,215
,6:10 a.m.,1175,61
,8:26 a.m.,1176,67
7:00 a.m.,7:25 a.m.,1177,6
4:15 p.m.,,1178,223
,5:38 p.m.,1179,123
6:00 a.m.,6:09 a.m.,1180,164
11:05 a.m.,,1181,225
10:45 a.m.,,1182,226
10:15 a.m.,10:19 a.m.,1183,167
6:45 a.m.,6:57 a.m.,1184,18
12:15 p.m.,12:42 p.m.,1185,184
,12:56 p.m.,1186,83
12:00 p.m.,12:08 p.m.,1187,169
10:40 a.m.,11:06 a.m.,1188,171
12:57 p.m.,,1189,172
3:35 p.m.,3:36 p.m.,1190,21
6:45 p.m.,,1191,230
7:15 p.m.,Not Available,1192,176
,2:38 p.m.,1193,177
9:15 a.m.,9:14 a.m.,1194,281
8:00 p.m.,8:23 p.m.,1195,28
10:25 a.m.,,1196,106
10:40 a.m.,11:01 a.m.,1197,29
1:33 p.m.,,1198,236
11:55 p.m.,12:10 a.m. (Estimated runway),1199,288
2:30 p.m.,2:43 p.m.,1200,168
8:29 a.m.,8:26 a.m.,1201,294
,3:17 p.m.,1202,192
,7:41 a.m.,1203,121
11:08 p.m.,,1204,122
5:30 p.m.,,1205,193
,11:47 a.m.,1206,125
,3:04 p.m.,1207,73
,9:43 a.m.,1208,195
2:35 p.m.,2:44 p.m.,1209,38
7:15 a.m.,7:23 a.m.,1210,197
4:25 p.m.,Not Available,1211,186
12:10 p.m.,,1212,245
7:55 a.m.,,1213,246
9:05 a.m.,,1214,247
1:05 p.m.,1:19 p.m.,1215,42
7:53 a.m.,7:49 a.m.,1216,299
3:05 p.m.,3:38 p.m.,1217,203
6:30 p.m.,6:56 p.m.,1218,216
11:25 a.m.,,1219,57
4:00 p.m.,,1220,142
6:00 a.m.,,1221,78
7:10 a.m.,7:40 a.m.,1222,211
,7:16 a.m.,1223,50
7:00 p.m.,,1224,51
,6:54 a.m.,1225,52
,8:48 a.m.,1226,53
,9:00 a.m.,1227,54
,7:59 p.m.,1228,55
,3:50 p.m.,1229,56
11:25 a.m.,,1230,57
,11:41 a.m.,1231,58
,10:53 a.m.,1232,59
,11:29 p.m.,1233,60
,6:10 a.m.,1234,61
12:30 a.m.,,1235,62
,4:10 p.m.,1236,63
7:35 a.m.,,1237,64
9:45 a.m.,,1238,65
,10:11 a.m.,1239,66
,8:26 a.m.,1240,67
,7:25 a.m.,1241,68
,4:29 p.m.,1242,69
,10:54 a.m.,1243,70
2:30 p.m.,,1244,71
8:05 a.m.,,1245,72
,3:04 p.m.,1246,73
,12:13 p.m.,1247,74
11:40 a.m.,,1248,75
,6:09 a.m.,1249,76
,11:45 a.m.,1250,77
6:00 a.m.,,1251,78
8:40 a.m.,,1252,79
,10:19 a.m.,1253,80
,2:03 p.m.,1254,81
,8:07 a.m.,1255,82
,12:56 p.m.,1256,83
,12:14 p.m.,1257,84
,2:43 p.m.,1258,85
,12:07 p.m.,1259,86
5:25 p.m.,,1260,87
7:10 p.m.,,1261,88
,11:06 a.m.,1262,89
,1:43 p.m.,1263,90
3:35 p.m.,,1264,91
,7:22 a.m.,1265,92
,6:47 p.m.,1266,93
,6:56 p.m.,1267,94
,12:12 p.m.,1268,95
7:15 p.m.,,1269,96
,2:04 p.m.,1270,97
9:15 a.m.,,1271,98
,6:57 a.m.,1272,99
,7:31 a.m.,1273,100
,5:09 p.m.,1274,101
,7:39 a.m.,1275,102
,4:44 p.m.,1276,103
,4:37 p.m.,1277,104
,8:23 p.m.,1278,105
10:25 a.m.,,1279,106
,7:30 a.m.,1280,107
,11:02 a.m.,1281,108
,1:48 p.m.,1282,109
,12:42 p.m.,1283,110
1:29 p.m.,,1284,111
,12:11 a.m.,1285,112
,4:28 p.m.,1286,113
,9:06 p.m.,1287,114
,8:29 p.m.,1288,115
,7:23 a.m.,1289,116
,8:52 a.m.,1290,117
,8:37 a.m.,1291,118
,1:41 p.m.,1292,119
2:53 p.m.,,1293,120
,7:41 a.m.,1294,121
11:08 p.m.,,1295,122
,5:38 p.m.,1296,123
,1:50 p.m. (+8:00),1297,124
,11:47 a.m.,1298,125
,8:40 p.m.,1299,126
,3:04 p.m.,1300,73
2:30 p.m.,,1301,71
8:55 a.m.,,1302,127
,2:44 p.m.,1303,128
,3:28 p.m.,1304,129
,7:22 a.m.,1305,92
,12:11 p.m.,1306,130
,8:04 a.m.,1307,131
9:05 a.m. (-00:00),,1308,132
,1:20 p.m.,1309,133
,8:55 a.m.,1310,134
,3:38 p.m.,1311,135
,8:04 a.m.,1312,131
,4:12 p.m.,1313,136
,11:52 a.m.,1314,137
2:55 p.m.,,1315,138
,11:55 a.m.,1316,139
,10:55 a.m.,1317,140
,6:58 a.m.,1318,141
4:00 p.m.,,1319,142
,6:11 a.m.,1320,143
,7:40 a.m.,1321,144
,7:32 a.m.,1322,145
7:10aDec 1,7:02aDec 1,1323,425
7:00 p.m.,7:14 p.m.,1324,255
6:40aDec 1,6:40aDec 1,1325,426
8:19aDec 1,8:48aDec 1,1326,427
8:41aDec 1,,1327,428
7:45 p.m.,7:45 p.m.,1328,364
12:00 p.m.,11:54aDec 1,1329,429
3:27 p.m.,3:28 p.m.,1330,259
11:25aDec 1,11:37aDec 1,1331,430
10:39aDec 1,,1332,431
11:25 p.m.,,1333,5
6:14aDec 1,6:09aDec 1,1334,432
12:30aDec 1,12:41aDec 1,1335,433
4:00 p.m.,3:58 p.m.,1336,264
7:35aDec 1,,1337,434
9:45aDec 1,10:19aDec 1,1338,435
10:00aDec 1,9:59aDec 1,1339,436
8:15aDec 1,8:12aDec 1,1340,437
7:00aDec 1,7:04aDec 1,1341,438
4:15 p.m.,4:16 p.m.,1342,373
10:45aDec 1,10:42aDec 1,1343,439
2:30 p.m.,2:48 p.m.,1344,268
8:05aDec 1,8:00aDec 1,1345,440
2:55 p.m.,2:46 p.m.,1346,292
11:50aDec 1,11:54aDec 1,1347,441
11:40aDec 1,11:56aDec 1,1348,442
6:00aDec 1,5:58aDec 1,1349,443
11:05aDec 1,11:30aDec 1,1350,444
6:00aDec 1,6:02aDec 1,1351,445
8:40aDec 1,8:40aDec 1,1352,446
10:15aDec 1,10:10aDec 1,1353,447
1:00 p.m.,1:48 p.m.,1354,381
7:53aDec 1,7:49aDec 1,1355,448
12:30 p.m.,12:35 p.m.,1356,274
11:45aDec 1,11:47aDec 1,1357,449
2:46 p.m.,2:42 p.m.,1358,450
12:00 p.m.,11:51aDec 1,1359,451
5:25 p.m.,5:22 p.m.,1360,269
7:10 p.m.,8:25 p.m.,1361,276
10:40aDec 1,10:46aDec 1,1362,452
12:57 p.m.,1:32 p.m.,1363,277
3:35 p.m.,3:27 p.m.,1364,453
7:15aDec 1,7:08aDec 1,1365,454
6:30 p.m.,,1366,2
6:45 p.m.,6:40 p.m.,1367,389
7:15 p.m.,,1368,96
2:22 p.m.,2:37 p.m.,1369,455
9:15aDec 1,9:14aDec 1,1370,456
6:00aDec 1,5:59aDec 1,1371,457
7:10aDec 1,7:10aDec 1,1372,458
4:55 p.m.,4:56 p.m.,1373,459
3:50 p.m.,4:28 p.m.,1374,282
4:16 p.m.,4:15 p.m.,1375,283
8:00 p.m.,8:01 p.m.,1376,395
10:25aDec 1,10:20aDec 1,1377,460
7:05aDec 1,7:07aDec 1,1378,461
10:40aDec 1,10:47aDec 1,1379,462
1:33 p.m.,1:31 p.m.,1380,286
12:15 p.m.,12:10 p.m.,1381,369
1:29 p.m.,1:48 p.m.,1382,287
11:55 p.m.,,1383,31
4:25 p.m.,,1384,253
9:00 p.m.,,1385,32
8:25 p.m.,,1386,33
6:59aDec 1,6:56aDec 1,1387,463
8:35aDec 1,8:31aDec 1,1388,464
1:30 p.m.,,1389,36
2:53 p.m.,3:01 p.m.,1390,295
7:35aDec 1,7:27aDec 1,1391,465
11:08 p.m.,,1392,122
5:30 p.m.,,1393,193
1:45 p.m.,1:32 p.m.,1394,466
11:15aDec 1,11:15aDec 1,1395,467
8:20 p.m.,8:30 p.m.,1396,407
2:55 p.m.,2:52 p.m.,1397,298
2:30 p.m.,2:48 p.m.,1398,268
8:55aDec 1,9:16aDec 1,1399,468
2:35 p.m.,2:32 p.m.,1400,410
2:55 p.m.,3:00 p.m.,1401,411
7:15aDec 1,7:10aDec 1,1402,469
12:10 p.m.,12:01 p.m.,1403,413
7:55aDec 1,7:51aDec 1,1404,470
9:05aDec 1,8:52aDec 1,1405,471
1:05 p.m.,1:06 p.m.,1406,415
8:35aDec 1,8:32aDec 1,1407,472
3:05 p.m.,3:09 p.m.,1408,418
7:30aDec 1,7:28aDec 1,1409,473
11:25aDec 1,11:20aDec 1,1410,474
4:00 p.m.,3:52 p.m.,1411,419
11:35aDec 1,11:33aDec 1,1412,475
7:25aDec 1,7:22aDec 1,1413,476
2:55 p.m.,3:31 p.m.,1414,300
11:55aDec 1,11:43aDec 1,1415,477
10:40aDec 1,10:35aDec 1,1416,478
6:45aDec 1,6:41aDec 1,1417,479
4:00 p.m.,3:58 p.m.,1418,264
6:00aDec 1,5:56aDec 1,1419,480
7:10aDec 1,7:14aDec 1,1420,481
7:10aDec 1,7:05aDec 1,1421,482
,,1422,317
,,1423,317
2:35 p.m.,,1424,244
,,1425,317
7:00 p.m.,7:14 p.m.,1426,255
7:35 a.m.,7:29 a.m.,1427,265
11:40 a.m.,11:56 a.m.,1428,270
6:00 a.m.,6:02 a.m.,1429,272
7:15 p.m.,7:15 p.m.,1430,483
12:30 a.m.,12:41 a.m.,1431,263
8:40 a.m.,8:40 a.m.,1432,273
11:25 a.m.,11:32 a.m.,1433,260
2:55 p.m.,3:31 p.m.,1434,300
2:30 p.m.,2:48 p.m.,1435,268
9:15 a.m.,9:14 a.m.,1436,281
10:25 a.m.,10:20 a.m.,1437,284
9:45 a.m.,10:19 a.m.,1438,266
2:53 p.m.,3:01 p.m.,1439,295
7:10 p.m.,8:25 p.m.,1440,276
5:30 p.m.,5:30 p.m.,1441,484
4:00 p.m.,3:58 p.m.,1442,264
5:25 p.m.,5:22 p.m.,1443,269
8:05 a.m.,8:00 a.m.,1444,278
6:00 a.m.,6:56 a.m.,1445,25
2:35 p.m.,2:44 p.m.,1446,38
9:45 a.m.,10:19 a.m.,1447,266
2:55 p.m.,3:27 p.m.,1448,39
3:50 p.m.,4:28 p.m.,1449,282
6:00 a.m.,6:02 a.m.,1450,272
4:16 p.m.,4:15 p.m.,1451,283
8:41 a.m.,8:42 a.m.,1452,257
1:05 p.m.,1:19 p.m.,1453,42
7:15 a.m.,7:21 a.m.,1454,22
1:33 p.m.,1:31 p.m.,1455,286
12:15 p.m.,12:41 p.m.,1456,4
12:30 a.m.,12:41 a.m.,1457,263
11:25 a.m.,11:32 a.m.,1458,260
4:25 p.m.,4:28 p.m. (Estimated runway),1459,289
7:30 a.m.,8:04 a.m.,1460,13
9:00 p.m.,9:06 p.m. (Estimated runway),1461,290
4:00 p.m.,4:12 p.m.,1462,46
8:35 a.m.,8:51 a.m.,1463,35
7:45 p.m.,7:58 p.m.,1464,1
8:29 a.m.,8:26 a.m.,1465,294
11:55 a.m.,11:43 a.m.,1466,301
2:55 p.m.,2:46 p.m.,1467,292
10:25 a.m.,10:20 a.m.,1468,284
2:53 p.m.,3:01 p.m.,1469,295
7:00 a.m.,7:25 a.m.,1470,6
10:40 a.m.,11:05 a.m.,1471,20
8:35 a.m.,8:56 a.m.,1472,43
8:20 p.m.,8:39 p.m.,1473,37
6:00 a.m.,6:10 a.m.,1474,48
7:10 a.m.,7:39 a.m.,1475,49
2:30 p.m.,2:48 p.m.,1476,268
9:05 a.m.,10:10 a.m.,1477,15
12:00 p.m.,12:11 p.m.,1478,24
7:15 p.m.,7:15 p.m. (Estimated),1479,279
11:50 a.m.,12:12 p.m.,1480,8
,,1481,317
,,1482,317
,,1483,317
,,1484,317
,,1485,317
,,1486,317
,7:16 a.m.,1487,50
7:00 p.m.,,1488,51
,6:54 a.m.,1489,52
,8:48 a.m.,1490,53
,9:00 a.m.,1491,54
,7:59 p.m.,1492,55
,3:50 p.m.,1493,56
11:25 a.m.,,1494,57
,11:41 a.m.,1495,58
,10:53 a.m.,1496,59
,11:29 p.m.,1497,60
,6:10 a.m.,1498,61
12:30 a.m.,,1499,62
,4:10 p.m.,1500,63
7:35 a.m.,,1501,64
9:45 a.m.,,1502,65
,10:11 a.m.,1503,66
,8:26 a.m.,1504,67
,7:25 a.m.,1505,68
,4:29 p.m.,1506,69
,10:54 a.m.,1507,70
2:30 p.m.,,1508,71
8:05 a.m.,,1509,72
,3:04 p.m.,1510,73
,12:13 p.m.,1511,74
11:40 a.m.,,1512,75
,6:09 a.m.,1513,76
,11:45 a.m.,1514,77
6:00 a.m.,,1515,78
8:40 a.m.,,1516,79
,10:19 a.m.,1517,80
,2:03 p.m.,1518,81
,8:07 a.m.,1519,82
,12:56 p.m.,1520,83
,12:14 p.m.,1521,84
,2:43 p.m.,1522,85
,12:07 p.m.,1523,86
5:25 p.m.,,1524,87
7:10 p.m.,,1525,88
,11:06 a.m.,1526,89
,1:43 p.m.,1527,90
3:35 p.m.,,1528,91
,7:22 a.m.,1529,92
,6:47 p.m.,1530,93
,6:56 p.m.,1531,94
,12:12 p.m.,1532,95
7:15 p.m.,,1533,96
,2:04 p.m.,1534,97
9:15 a.m.,,1535,98
,6:57 a.m.,1536,99
,7:31 a.m.,1537,100
,5:09 p.m.,1538,101
,7:39 a.m.,1539,102
,4:44 p.m.,1540,103
,4:37 p.m.,1541,104
,8:23 p.m.,1542,105
10:25 a.m.,,1543,106
,7:30 a.m.,1544,107
,11:02 a.m.,1545,108
,1:48 p.m.,1546,109
,12:42 p.m.,1547,110
1:29 p.m.,,1548,111
,12:11 a.m.,1549,112
,4:28 p.m.,1550,113
,9:06 p.m.,1551,114
,8:29 p.m.,1552,115
,7:23 a.m.,1553,116
,8:52 a.m.,1554,117
,8:37 a.m.,1555,118
,1:41 p.m.,1556,119
2:53 p.m.,,1557,120
,7:41 a.m.,1558,121
11:08 p.m.,,1559,122
,5:38 p.m.,1560,123
,1:50 p.m. (+8:00),1561,124
,11:47 a.m.,1562,125
,8:40 p.m.,1563,126
,3:04 p.m.,1564,73
2:30 p.m.,,1565,71
8:55 a.m.,,1566,127
,2:44 p.m.,1567,128
,3:28 p.m.,1568,129
,7:22 a.m.,1569,92
,12:11 p.m.,1570,130
,8:04 a.m.,1571,131
9:05 a.m. (-00:00),,1572,132
,1:20 p.m.,1573,133
,8:55 a.m.,1574,134
,3:38 p.m.,1575,135
,8:04 a.m.,1576,131
,4:12 p.m.,1577,136
,11:52 a.m.,1578,137
2:55 p.m.,,1579,138
,11:55 a.m.,1580,139
,10:55 a.m.,1581,140
,6:58 a.m.,1582,141
4:00 p.m.,,1583,142
,6:11 a.m.,1584,143
,7:40 a.m.,1585,144
,7:32 a.m.,1586,145
7:45 p.m.,7:45 p.m.,1587,364
7:00 p.m.,7:14 p.m.,1588,255
8:41aDec 1,,1589,428
6:30 p.m.,,1590,2
3:27 p.m.,Contact Airline,1591,366
10:39aDec 1,,1592,431
11:25 p.m.,,1593,5
12:30aDec 1,12:41aDec 1,1594,433
4:00 p.m.,3:58 p.m.,1595,264
9:45aDec 1,10:19aDec 1,1596,435
7:00aDec 1,7:04aDec 1,1597,438
2:30 p.m.,2:48 p.m.,1598,268
11:40aDec 1,11:56aDec 1,1599,442
6:00aDec 1,5:58aDec 1,1600,443
11:05aDec 1,11:30aDec 1,1601,444
10:15 a.m.,10:10 a.m.,1602,379
7:30aDec 1,7:28aDec 1,1603,473
12:30 p.m.,12:35 p.m.,1604,274
9:05 a.m.,9:59 a.m.,1605,382
11:45aDec 1,11:47aDec 1,1606,449
12:00 p.m.,11:51aDec 1,1607,451
7:10 p.m.,8:25 p.m.,1608,276
11:35 a.m.,11:33 a.m.,1609,386
6:00aDec 1,5:59aDec 1,1610,457
7:10aDec 1,7:10aDec 1,1611,458
4:55 p.m.,4:56 p.m.,1612,459
7:25aDec 1,7:22aDec 1,1613,476
8:00 p.m.,8:01 p.m.,1614,395
7:05aDec 1,7:07aDec 1,1615,461
6:45 p.m.,6:40 p.m.,1616,389
4:25 p.m.,,1617,253
9:00 p.m.,Not Available,1618,187
8:25 p.m.,,1619,33
6:59aDec 1,6:56aDec 1,1620,463
8:35aDec 1,8:31aDec 1,1621,464
Not Available,2:42 p.m.,1622,402
1:30 p.m.,Not Available,1623,191
2:53 p.m.,3:01 p.m.,1624,295
11:08 p.m.,,1625,122
8:20 p.m.,8:30 p.m.,1626,407
2:55 p.m.,3:00 p.m.,1627,411
Not Available,7:41 a.m.,1628,404
12:10 p.m.,12:01 p.m.,1629,413
9:05aDec 1,8:52aDec 1,1630,471
7:10aDec 1,7:14aDec 1,1631,481
8:35aDec 1,8:32aDec 1,1632,472
11:25aDec 1,11:20aDec 1,1633,474
4:00 p.m.,3:52 p.m.,1634,419
2:55 p.m.,3:31 p.m.,1635,300
6:45aDec 1,6:41aDec 1,1636,479
7:10 a.m.,,1637,213
6:00 a.m.,,1638,78
7:10 a.m.,,1639,213
2:35 p.m.,,1640,244
7:15 a.m.,,1641,485
11/30 8:00 p.m.,,1642,486
11/30 4:16 p.m.,,1643,487
1:05 p.m.,,1644,488
11/30 6:45 p.m.,,1645,489
7:30 a.m.,,1646,227
1:33 p.m.,,1647,236
12:15 p.m.,,1648,220
11/30 4:00 p.m.,,1649,490
11/30 11:55 p.m.,,1650,491
11/30 11:25 a.m.,,1651,492
11:45 a.m.,,1652,228
11/30 7:45 p.m.,,1653,493
10:40 a.m.,,1654,252
11/30 11:08 p.m.,,1655,494
10:40 a.m.,,1656,252
11/30 12:57 p.m.,,1657,495
8:35 a.m.,,1658,249
3:35 p.m.,,1659,91
11/30 1:55 p.m.,,1660,496
7:10 a.m.,7:16 a.m.,1661,0
6:40 a.m.,6:54 a.m.,1662,3
7:00 p.m.,7:42 p.m.,1663,497
8:41 a.m.,8:51 a.m.,1664,355
7:45 p.m.,7:59 p.m.,1665,149
11:25 p.m.,11:57 p.m.,1666,498
4:00 p.m.,4:10 p.m.,1667,155
7:35 a.m.,7:56 a.m.,1668,499
7:00 a.m.,7:25 a.m.,1669,6
4:15 p.m.,4:29 p.m.,1670,7
9:05 a.m.,10:10 a.m.,1671,15
11:50 a.m.,12:13 p.m.,1672,162
11:40 a.m.,12:06 p.m.,1673,500
6:00 a.m.,6:08 a.m.,1674,9
11:05 a.m.,11:45 a.m.,1675,165
7:55 a.m.,8:05 a.m.,1676,199
10:15 a.m.,10:19 a.m.,1677,167
7:30 a.m.,8:04 a.m.,1678,13
1:00 p.m.,2:04 p.m.,1679,14
6:45 a.m.,6:57 a.m.,1680,18
12:15 p.m.,12:42 p.m.,1681,184
12:30 p.m.,12:56 p.m.,1682,501
2:30 p.m.,2:42 p.m.,1683,502
12:00 p.m.,12:07 p.m.,1684,503
5:25 p.m.,5:38 p.m.,1685,358
7:25 a.m.,7:39 a.m.,1686,17
7:27 p.m.,7:27 p.m.,1687,359
11:35 a.m.,11:52 a.m.,1688,19
10:40 a.m.,11:05 a.m.,1689,20
3:35 p.m.,3:36 p.m.,1690,21
7:15 a.m.,7:21 a.m.,1691,22
6:30 p.m.,6:47 p.m.,1692,354
6:45 p.m.,6:56 p.m.,1693,175
12:00 p.m.,12:12 p.m.,1694,150
7:15 p.m.,7:25 p.m.,1695,357
9:15 a.m.,9:57 a.m.,1696,504
6:00 a.m.,6:56 a.m.,1697,25
7:10 a.m.,7:31 a.m.,1698,47
4:55 p.m.,5:08 p.m.,1699,27
3:50 p.m.,4:45 p.m.,1700,505
8:00 p.m.,8:23 p.m.,1701,28
10:40 a.m.,11:01 a.m.,1702,29
1:33 p.m.,1:48 p.m.,1703,183
1:29 p.m.,2:01 p.m.,1704,506
4:25 p.m.,4:35 p.m.,1705,507
9:00 p.m.,9:16 p.m.,1706,508
8:25 p.m.,8:29 p.m.,1707,356
6:59 a.m.,7:22 a.m.,1708,34
8:35 a.m.,8:51 a.m.,1709,35
1:30 p.m.,1:40 p.m.,1710,509
11:08 p.m.,11:35 p.m.,1711,510
5:30 p.m.,6:11 p.m.,1712,511
8:20 p.m.,8:40 p.m.,1713,512
2:35 p.m.,2:44 p.m.,1714,38
2:55 p.m.,3:27 p.m.,1715,39
7:15 a.m.,7:23 a.m.,1716,197
12:10 p.m.,12:10 p.m.,1717,41
1:05 p.m.,1:19 p.m.,1718,42
3:05 p.m.,3:36 p.m.,1719,44
4:00 p.m.,4:12 p.m.,1720,46
7:10 a.m.,7:32 a.m.,1721,212
11:55 a.m.,11:55 a.m.,1722,206
10:40 a.m.,10:55 a.m.,1723,207
4:00 p.m.,4:14 p.m.,1724,513
6:00 a.m.,6:10 a.m.,1725,48
7:10 a.m.,7:39 a.m.,1726,49
8:00 a.m.,8:29 a.m.,1727,256
8:41 a.m.,8:42 a.m.,1728,257
3:27 p.m.,3:27 p.m.,1729,514
10:39 a.m.,10:33 a.m.,1730,515
4:00 p.m.,4:00 p.m.,1731,516
11:05 a.m.,11:30 a.m.,1732,271
12:30 p.m.,12:35 p.m.            Delayed,1733,517
12:00 a.m.,3:11 a.m.,1734,518
7:53 a.m.,7:49 a.m.,1735,299
8:15 a.m.,8:12 a.m.,1736,267
12:57 p.m.,1:32 p.m.            Delayed,1737,519
1:55 p.m.,2:10 p.m.,1738,280
3:50 p.m.,4:28 p.m.            Delayed,1739,520
4:16 p.m.,4:15 p.m.,1740,283
7:05 a.m.,7:05 a.m.,1741,521
1:33 p.m.,1:31 p.m.,1742,286
1:29 p.m.,1:48 p.m.            Delayed,1743,522
4:25 p.m.,4:25 p.m.,1744,523
8:29 a.m.,8:26 a.m.,1745,294
7:35 a.m.,7:27 a.m.,1746,524
11:08 p.m.,11:08 p.m.            On Time,1747,525
1:45 p.m.,1:32 p.m.,1748,466
11:15 a.m.,11:15 a.m.,1749,297
2:55 p.m.,2:55 p.m.,1750,526
2:30 p.m.,2:48 p.m.,1751,268
8:55 a.m.,9:16 a.m.            Delayed,1752,527
2:55 p.m.,2:55 p.m.,1753,526
9:05 a.m.,8:52 a.m.,1754,528
11:55 a.m.,11:55 a.m.,1755,206
6:00 a.m.,5:56 a.m.,1756,262
2:30 p.m.,2:26 p.m.,1757,293
7:10 a.m.,7:16 a.m.,1758,0
,7:14 p.m.,1759,321
6:40 a.m.,6:54 a.m.,1760,3
8:00 a.m.,8:29 a.m.,1761,256
,8:42 a.m.,1762,322
7:45 p.m.,,1763,215
12:00 p.m.,12:11 p.m.,1764,24
3:27 p.m.,3:28 p.m.,1765,259
,11:32 a.m.,1766,323
,10:33 a.m.,1767,324
11:25 p.m.,,1768,5
,5:56 a.m.,1769,325
,12:41 a.m.,1770,326
4:00 p.m.,3:58 p.m.,1771,264
,7:29 a.m.,1772,327
,10:19 a.m.,1773,80
9:05 a.m.,10:10 a.m.,1774,15
,8:12 a.m.,1775,328
7:00 a.m.,7:25 a.m.,1776,6
4:15 p.m.,4:29 p.m.,1777,7
,10:55 a.m.,1778,140
,2:48 p.m.,1779,329
,8:00 a.m.,1780,330
,2:46 p.m.,1781,331
11:50 a.m.,12:12 p.m.,1782,8
,11:56 a.m.,1783,332
6:00 a.m.,6:08 a.m.,1784,9
11:05 a.m.,11:30 a.m.,1785,271
,6:02 a.m.,1786,333
,8:40 a.m.,1787,334
10:15 a.m.,10:18 a.m.,1788,12
1:00 p.m.,2:04 p.m.,1789,14
,7:49 a.m.,1790,335
,12:35 p.m.,1791,336
,12:13 p.m.,1792,74
2:30 p.m.,2:26 p.m.,1793,293
12:00 p.m.,11:51 a.m.,1794,275
,5:22 p.m.,1795,337
,8:25 p.m.,1796,338
10:40 a.m.,11:05 a.m.,1797,20
,1:32 p.m.,1798,339
,3:36 p.m.,1799,173
7:15 a.m.,7:21 a.m.,1800,22
6:30 p.m.,,1801,2
6:45 p.m.,6:55 p.m.,1802,23
7:15 p.m.,,1803,96
,2:10 p.m.,1804,340
9:15 a.m.,9:14 a.m.,1805,281
6:00 a.m.,6:56 a.m.,1806,25
7:10 a.m.,7:30 a.m.,1807,26
,5:08 p.m.,1808,341
3:50 p.m.,4:28 p.m.,1809,282
,4:15 p.m.,1810,342
8:00 p.m.,8:23 p.m.,1811,28
,10:20 a.m.,1812,343
,7:07 a.m.,1813,344
,11:01 a.m.,1814,345
1:33 p.m.,1:31 p.m.,1815,286
12:15 p.m.,12:41 p.m.,1816,4
,1:48 p.m.,1817,109
11:55 p.m.,,1818,31
4:25 p.m.,,1819,253
9:00 p.m.,,1820,32
8:25 p.m.,,1821,33
6:59 a.m.,7:22 a.m.,1822,34
8:35 a.m.,8:51 a.m.,1823,35
,8:26 a.m.,1824,67
1:30 p.m.,,1825,36
,3:01 p.m.,1826,346
,7:27 a.m.,1827,347
11:08 p.m.,,1828,122
5:30 p.m.,,1829,193
,1:32 p.m.,1830,339
,11:15 a.m.,1831,348
,8:39 p.m.,1832,349
,2:52 p.m.,1833,350
,2:48 p.m.,1834,329
,9:16 a.m.,1835,351
2:35 p.m.,2:44 p.m.,1836,38
2:55 p.m.,3:27 p.m.,1837,39
7:15 a.m.,7:22 a.m.,1838,40
12:10 p.m.,12:10 p.m.,1839,41
7:55 a.m.,8:04 a.m.,1840,11
,8:52 a.m.,1841,117
1:05 p.m.,1:19 p.m.,1842,42
,8:56 a.m.,1843,202
3:05 p.m.,3:36 p.m.,1844,44
7:30 a.m.,8:04 a.m.,1845,13
,11:40 a.m.,1846,352
4:00 p.m.,4:12 p.m.,1847,46
11:35 a.m.,11:52 a.m.,1848,19
7:25 a.m.,7:39 a.m.,1849,17
,3:31 p.m.,1850,353
11:55 a.m.,11:43 a.m.,1851,301
10:40 a.m.,10:54 a.m.,1852,30
6:45 a.m.,6:57 a.m.,1853,18
4:00 p.m.,3:58 p.m.,1854,264
6:00 a.m.,6:10 a.m.,1855,48
7:10 a.m.,7:39 a.m.,1856,49
7:10 a.m.,7:31 a.m.,1857,47
7:10 a.m.,7:16 a.m.,1858,0
7:00 p.m.,7:14 p.m.,1859,255
6:40 a.m.,6:54 a.m.,1860,3
8:00 a.m.,8:29 a.m.,1861,256
8:41 a.m.,8:42 a.m.,1862,257
7:45 p.m.,7:58 p.m.,1863,1
11:45 a.m.,12:13 p.m.,1864,16
6:30 p.m.,6:47 p.m. (Estimated runway),1865,258
3:27 p.m.,3:28 p.m.,1866,259
11:25 a.m.,11:32 a.m.,1867,260
11:25 p.m.,11:29 p.m. (Estimated runway),1868,261
6:00 a.m.,5:56 a.m.,1869,262
12:30 a.m.,12:41 a.m.,1870,263
4:00 p.m.,3:58 p.m.,1871,264
7:35 a.m.,7:29 a.m.,1872,265
9:45 a.m.,10:19 a.m.,1873,266
7:00 a.m.,7:25 a.m.,1874,6
8:15 a.m.,8:12 a.m.,1875,267
4:15 p.m.,4:29 p.m.,1876,7
9:05 a.m.,10:10 a.m.,1877,15
2:30 p.m.,2:48 p.m.,1878,268
5:25 p.m.,5:22 p.m.,1879,269
11:50 a.m.,12:12 p.m.,1880,8
11:40 a.m.,11:56 a.m.,1881,270
6:00 a.m.,6:08 a.m.,1882,9
11:05 a.m.,11:30 a.m.,1883,271
6:00 a.m.,6:02 a.m.,1884,272
8:40 a.m.,8:40 a.m.,1885,273
7:55 a.m.,8:04 a.m.,1886,11
10:15 a.m.,10:18 a.m.,1887,12
7:30 a.m.,8:04 a.m.,1888,13
1:00 p.m.,2:04 p.m.,1889,14
6:45 a.m.,6:57 a.m.,1890,18
12:15 p.m.,12:41 p.m.,1891,4
12:30 p.m.,12:35 p.m.,1892,274
12:00 p.m.,11:51 a.m.,1893,275
7:10 p.m.,8:25 p.m.,1894,276
11:35 a.m.,11:52 a.m.,1895,19
10:40 a.m.,11:05 a.m.,1896,20
12:57 p.m.,1:32 p.m.,1897,277
3:35 p.m.,3:36 p.m.,1898,21
7:15 a.m.,7:21 a.m.,1899,22
8:05 a.m.,8:00 a.m.,1900,278
6:45 p.m.,6:55 p.m.,1901,23
12:00 p.m.,12:11 p.m.,1902,24
7:15 p.m.,7:15 p.m. (Estimated),1903,279
1:55 p.m.,2:10 p.m.,1904,280
9:15 a.m.,9:14 a.m.,1905,281
6:00 a.m.,6:56 a.m.,1906,25
7:10 a.m.,7:30 a.m.,1907,26
4:55 p.m.,5:08 p.m.,1908,27
7:25 a.m.,7:39 a.m.,1909,17
3:50 p.m.,4:28 p.m.,1910,282
4:16 p.m.,4:15 p.m.,1911,283
8:00 p.m.,8:23 p.m.,1912,28
10:25 a.m.,10:20 a.m.,1913,284
7:05 a.m.,7:07 a.m.,1914,285
10:40 a.m.,11:01 a.m.,1915,29
1:33 p.m.,1:31 p.m.,1916,286
1:29 p.m.,1:48 p.m.,1917,287
11:55 p.m.,12:10 a.m. (Estimated runway),1918,288
4:25 p.m.,4:28 p.m. (Estimated runway),1919,289
9:00 p.m.,9:06 p.m. (Estimated runway),1920,290
8:25 p.m.,8:29 p.m. (Estimated runway),1921,291
2:55 p.m.,2:46 p.m.,1922,292
6:59 a.m.,7:22 a.m.,1923,34
8:35 a.m.,8:51 a.m.,1924,35
2:30 p.m.,2:26 p.m.,1925,293
8:29 a.m.,8:26 a.m.,1926,294
2:53 p.m.,3:01 p.m.,1927,295
11:08 p.m.,,1928,122
5:30 p.m.,5:30 p.m. (Estimated),1929,296
11:15 a.m.,11:15 a.m.,1930,297
8:20 p.m.,8:39 p.m.,1931,37
2:55 p.m.,2:52 p.m.,1932,298
2:30 p.m.,2:48 p.m.,1933,268
2:35 p.m.,2:44 p.m.,1934,38
2:55 p.m.,3:27 p.m.,1935,39
7:15 a.m.,7:22 a.m.,1936,40
12:10 p.m.,12:10 p.m.,1937,41
1:05 p.m.,1:19 p.m.,1938,42
7:53 a.m.,7:49 a.m.,1939,299
8:35 a.m.,8:56 a.m.,1940,43
3:05 p.m.,3:36 p.m.,1941,44
4:00 p.m.,4:12 p.m.,1942,46
7:10 a.m.,7:31 a.m.,1943,47
2:55 p.m.,3:31 p.m.,1944,300
11:55 a.m.,11:43 a.m.,1945,301
10:40 a.m.,10:54 a.m.,1946,30
4:00 p.m.,3:58 p.m.,1947,264
6:00 a.m.,6:10 a.m.,1948,48
7:10 a.m.,7:39 a.m.,1949,49
7:10 a.m.,7:16 a.m.,1950,0
,7:42 p.m.,1951,146
6:40 a.m.,6:54 a.m.,1952,3
8:00 a.m.,8:49 a.m.,1953,147
,9:01 a.m.,1954,148
7:45 p.m.,7:59 p.m.,1955,149
12:00 p.m.,12:12 p.m.,1956,150
3:27 p.m.,3:50 p.m.,1957,151
,12:37 p.m.,1958,152
,10:53 a.m.,1959,59
11:25 p.m.,,1960,5
,6:10 a.m.,1961,61
,12:58 a.m.,1962,154
4:00 p.m.,4:10 p.m.,1963,155
,7:56 a.m.,1964,156
,10:35 a.m.,1965,157
9:05 a.m.,10:11 a.m.,1966,158
,8:26 a.m.,1967,67
7:00 a.m.,7:25 a.m.,1968,6
4:15 p.m.,4:30 p.m.,1969,159
,10:55 a.m.,1970,140
,2:59 p.m.,1971,160
,8:18 a.m.,1972,161
,3:04 p.m.,1973,73
11:50 a.m.,12:13 p.m.,1974,162
,12:06 p.m.,1975,163
6:00 a.m.,6:09 a.m.,1976,164
11:05 a.m.,11:45 a.m.,1977,165
,6:17 a.m.,1978,166
,9:01 a.m.,1979,148
10:15 a.m.,10:19 a.m.,1980,167
1:00 p.m.,2:04 p.m.,1981,14
,8:07 a.m.,1982,82
,12:56 p.m.,1983,83
,12:14 p.m.,1984,84
2:30 p.m.,2:43 p.m.,1985,168
12:00 p.m.,12:08 p.m.,1986,169
,5:38 p.m.,1987,123
,8:36 p.m.,1988,170
10:40 a.m.,11:06 a.m.,1989,171
,1:43 p.m.,1990,90
,3:36 p.m.,1991,173
7:15 a.m.,7:22 a.m.,1992,40
6:30 p.m.,,1993,2
6:45 p.m.,6:56 p.m.,1994,175
7:15 p.m.,,1995,96
,2:38 p.m.,1996,177
9:15 a.m.,9:58 a.m.,1997,178
6:00 a.m.,6:57 a.m.,1998,179
7:10 a.m.,7:31 a.m.,1999,47
,5:09 p.m.,2000,101
3:50 p.m.,4:46 p.m.,2001,180
,4:37 p.m.,2002,104
8:00 p.m.,8:23 p.m.,2003,28
,10:37 a.m.,2004,181
,7:31 a.m.,2005,100
10:40 a.m.,11:02 a.m.,2006,182
1:33 p.m.,1:48 p.m.,2007,183
12:15 p.m.,12:42 p.m.,2008,184
,2:01 p.m.,2009,185
11:55 p.m.,,2010,31
4:25 p.m.,,2011,253
9:00 p.m.,,2012,32
8:25 p.m.,,2013,33
6:59 a.m.,7:23 a.m.,2014,189
8:35 a.m.,8:52 a.m.,2015,190
,8:37 a.m.,2016,118
1:30 p.m.,,2017,36
,3:17 p.m.,2018,192
,7:41 a.m.,2019,121
11:08 p.m.,,2020,122
5:30 p.m.,,2021,193
,1:45 p.m.,2022,254
,11:47 a.m.,2023,125
,8:40 p.m.,2024,126
,3:04 p.m.,2025,73
,2:59 p.m.,2026,160
,9:43 a.m.,2027,195
2:35 p.m.,2:44 p.m.,2028,38
2:55 p.m.,3:28 p.m.,2029,196
7:15 a.m.,7:23 a.m.,2030,197
12:10 p.m.,12:11 p.m.,2031,198
7:55 a.m.,8:05 a.m.,2032,199
,9:05 a.m.,2033,200
1:05 p.m.,1:20 p.m.,2034,201
,8:56 a.m.,2035,202
3:05 p.m.,3:38 p.m.,2036,203
7:30 a.m.,8:04 a.m.,2037,13
,11:41 a.m.,2038,58
4:00 p.m.,4:12 p.m.,2039,46
11:35 a.m.,11:52 a.m.,2040,19
7:25 a.m.,7:40 a.m.,2041,204
,4:02 p.m.,2042,205
11:55 a.m.,11:55 a.m.,2043,206
10:40 a.m.,10:55 a.m.,2044,207
6:45 a.m.,6:58 a.m.,2045,208
4:00 p.m.,4:15 p.m.,2046,209
6:00 a.m.,6:11 a.m.,2047,210
7:10 a.m.,7:40 a.m.,2048,211
7:10 a.m.,7:32 a.m.,2049,212
7:10 a.m.,7:16 a.m.,2050,0
,7:14 p.m.,2051,321
6:40 a.m.,6:54 a.m.,2052,3
8:00 a.m.,8:29 a.m.,2053,256
,8:42 a.m.,2054,322
7:45 p.m.,,2055,215
12:00 p.m.,12:11 p.m.,2056,24
3:27 p.m.,3:28 p.m.,2057,259
,11:32 a.m.,2058,323
,10:33 a.m.,2059,324
11:25 p.m.,,2060,5
,5:56 a.m.,2061,325
,12:41 a.m.,2062,326
4:00 p.m.,3:58 p.m.,2063,264
,7:29 a.m.,2064,327
,10:19 a.m.,2065,80
9:05 a.m.,10:10 a.m.,2066,15
,8:12 a.m.,2067,328
7:00 a.m.,7:25 a.m.,2068,6
4:15 p.m.,4:29 p.m.,2069,7
,10:55 a.m.,2070,140
,2:48 p.m.,2071,329
,8:00 a.m.,2072,330
,2:46 p.m.,2073,331
11:50 a.m.,12:12 p.m.,2074,8
,11:56 a.m.,2075,332
6:00 a.m.,6:08 a.m.,2076,9
11:05 a.m.,11:30 a.m.,2077,271
,6:02 a.m.,2078,333
,8:40 a.m.,2079,334
10:15 a.m.,10:18 a.m.,2080,12
1:00 p.m.,2:04 p.m.,2081,14
,7:49 a.m.,2082,335
,12:35 p.m.,2083,336
,12:13 p.m.,2084,74
2:30 p.m.,2:26 p.m.,2085,293
12:00 p.m.,11:51 a.m.,2086,275
,5:22 p.m.,2087,337
,8:25 p.m.,2088,338
10:40 a.m.,11:05 a.m.,2089,20
,1:32 p.m.,2090,339
,3:36 p.m.,2091,173
7:15 a.m.,7:21 a.m.,2092,22
6:30 p.m.,,2093,2
6:45 p.m.,6:55 p.m.,2094,23
7:15 p.m.,,2095,96
,2:10 p.m.,2096,340
9:15 a.m.,9:14 a.m.,2097,281
6:00 a.m.,6:56 a.m.,2098,25
7:10 a.m.,7:30 a.m.,2099,26
,5:08 p.m.,2100,341
3:50 p.m.,4:28 p.m.,2101,282
,4:15 p.m.,2102,342
8:00 p.m.,8:23 p.m.,2103,28
,10:20 a.m.,2104,343
,7:07 a.m.,2105,344
,11:01 a.m.,2106,345
1:33 p.m.,1:31 p.m.,2107,286
12:15 p.m.,12:41 p.m.,2108,4
,1:48 p.m.,2109,109
11:55 p.m.,,2110,31
4:25 p.m.,,2111,253
9:00 p.m.,,2112,32
8:25 p.m.,,2113,33
6:59 a.m.,7:22 a.m.,2114,34
8:35 a.m.,8:51 a.m.,2115,35
,8:26 a.m.,2116,67
1:30 p.m.,,2117,36
,3:01 p.m.,2118,346
,7:27 a.m.,2119,347
11:08 p.m.,,2120,122
5:30 p.m.,,2121,193
,1:32 p.m.,2122,339
,11:15 a.m.,2123,348
,8:39 p.m.,2124,349
,2:52 p.m.,2125,350
,2:48 p.m.,2126,329
,9:16 a.m.,2127,351
2:35 p.m.,2:44 p.m.,2128,38
2:55 p.m.,3:27 p.m.,2129,39
7:15 a.m.,7:22 a.m.,2130,40
12:10 p.m.,12:10 p.m.,2131,41
7:55 a.m.,8:04 a.m.,2132,11
,8:52 a.m.,2133,117
1:05 p.m.,1:19 p.m.,2134,42
,8:56 a.m.,2135,202
3:05 p.m.,3:36 p.m.,2136,44
7:30 a.m.,8:04 a.m.,2137,13
,11:40 a.m.,2138,352
4:00 p.m.,4:12 p.m.,2139,46
11:35 a.m.,11:52 a.m.,2140,19
7:25 a.m.,7:39 a.m.,2141,17
,3:31 p.m.,2142,353
11:55 a.m.,11:43 a.m.,2143,301
10:40 a.m.,10:54 a.m.,2144,30
6:45 a.m.,6:57 a.m.,2145,18
4:00 p.m.,3:58 p.m.,2146,264
6:00 a.m.,6:10 a.m.,2147,48
7:10 a.m.,7:39 a.m.,2148,49
7:10 a.m.,7:31 a.m.,2149,47
11:25 a.m.,,2150,57
,,2151,317
,,2152,317
4:16 p.m.,,2153,233
,,2154,317
7:10 a.m.,7:16 a.m.,2155,0
,7:42 p.m.,2156,146
6:40 a.m.,6:54 a.m.,2157,3
8:00 a.m.,8:49 a.m.,2158,147
,9:01 a.m.,2159,148
7:45 p.m.,7:59 p.m.,2160,149
12:00 p.m.,12:12 p.m.,2161,150
3:27 p.m.,3:50 p.m.,2162,151
,12:37 p.m.,2163,152
,10:53 a.m.,2164,59
11:25 p.m.,,2165,5
,6:10 a.m.,2166,61
,12:58 a.m.,2167,154
4:00 p.m.,4:10 p.m.,2168,155
,7:56 a.m.,2169,156
,10:35 a.m.,2170,157
9:05 a.m.,10:11 a.m.,2171,158
,8:26 a.m.,2172,67
7:00 a.m.,7:25 a.m.,2173,6
4:15 p.m.,4:30 p.m.,2174,159
,10:55 a.m.,2175,140
,2:59 p.m.,2176,160
,8:18 a.m.,2177,161
,3:04 p.m.,2178,73
11:50 a.m.,12:13 p.m.,2179,162
,12:06 p.m.,2180,163
6:00 a.m.,6:09 a.m.,2181,164
11:05 a.m.,11:45 a.m.,2182,165
,6:17 a.m.,2183,166
,9:01 a.m.,2184,148
10:15 a.m.,10:19 a.m.,2185,167
1:00 p.m.,2:04 p.m.,2186,14
,8:07 a.m.,2187,82
,12:56 p.m.,2188,83
,12:14 p.m.,2189,84
2:30 p.m.,2:43 p.m.,2190,168
12:00 p.m.,12:08 p.m.,2191,169
,5:38 p.m.,2192,123
,8:36 p.m.,2193,170
10:40 a.m.,11:06 a.m.,2194,171
,1:43 p.m.,2195,90
,3:36 p.m.,2196,173
7:15 a.m.,7:22 a.m.,2197,40
6:30 p.m.,,2198,2
6:45 p.m.,6:56 p.m.,2199,175
7:15 p.m.,,2200,96
,2:38 p.m.,2201,177
9:15 a.m.,9:58 a.m.,2202,178
6:00 a.m.,6:57 a.m.,2203,179
7:10 a.m.,7:31 a.m.,2204,47
,5:09 p.m.,2205,101
3:50 p.m.,4:46 p.m.,2206,180
,4:37 p.m.,2207,104
8:00 p.m.,8:23 p.m.,2208,28
,10:37 a.m.,2209,181
,7:31 a.m.,2210,100
10:40 a.m.,11:02 a.m.,2211,182
1:33 p.m.,1:48 p.m.,2212,183
12:15 p.m.,12:42 p.m.,2213,184
,2:01 p.m.,2214,185
11:55 p.m.,,2215,31
4:25 p.m.,,2216,253
9:00 p.m.,,2217,32
8:25 p.m.,,2218,33
6:59 a.m.,7:23 a.m.,2219,189
8:35 a.m.,8:52 a.m.,2220,190
,8:37 a.m.,2221,118
1:30 p.m.,,2222,36
,3:17 p.m.,2223,192
,7:41 a.m.,2224,121
11:08 p.m.,,2225,122
5:30 p.m.,,2226,193
,1:45 p.m.,2227,254
,11:47 a.m.,2228,125
,8:40 p.m.,2229,126
,3:04 p.m.,2230,73
,2:59 p.m.,2231,160
,9:43 a.m.,2232,195
2:35 p.m.,2:44 p.m.,2233,38
2:55 p.m.,3:28 p.m.,2234,196
7:15 a.m.,7:23 a.m.,2235,197
12:10 p.m.,12:11 p.m.,2236,198
7:55 a.m.,8:05 a.m.,2237,199
,9:05 a.m.,2238,200
1:05 p.m.,1:20 p.m.,2239,201
,8:56 a.m.,2240,202
3:05 p.m.,3:38 p.m.,2241,203
7:30 a.m.,8:04 a.m.,2242,13
,11:41 a.m.,2243,58
4:00 p.m.,4:12 p.m.,2244,46
11:35 a.m.,11:52 a.m.,2245,19
7:25 a.m.,7:40 a.m.,2246,204
,4:02 p.m.,2247,205
11:55 a.m.,11:55 a.m.,2248,206
10:40 a.m.,10:55 a.m.,2249,207
6:45 a.m.,6:58 a.m.,2250,208
4:00 p.m.,4:15 p.m.,2251,209
6:00 a.m.,6:11 a.m.,2252,210
7:10 a.m.,7:40 a.m.,2253,211
7:10 a.m.,7:32 a.m.,2254,212
7:10 a.m.,7:16 a.m.,2255,0
6:40 a.m.,6:54 a.m.,2256,3
7:00 p.m.,7:42 p.m.,2257,497
8:41 a.m.,8:51 a.m.,2258,355
7:45 p.m.,7:59 p.m.,2259,149
11:25 p.m.,11:57 p.m.,2260,498
4:00 p.m.,4:10 p.m.,2261,155
7:35 a.m.,7:56 a.m.,2262,499
7:00 a.m.,7:25 a.m.,2263,6
4:15 p.m.,4:29 p.m.,2264,7
9:05 a.m.,10:10 a.m.,2265,15
11:50 a.m.,12:13 p.m.,2266,162
11:40 a.m.,12:06 p.m.,2267,500
6:00 a.m.,6:08 a.m.,2268,9
11:05 a.m.,11:45 a.m.,2269,165
7:55 a.m.,8:05 a.m.,2270,199
10:15 a.m.,10:19 a.m.,2271,167
7:30 a.m.,8:04 a.m.,2272,13
1:00 p.m.,2:04 p.m.,2273,14
6:45 a.m.,6:57 a.m.,2274,18
12:15 p.m.,12:42 p.m.,2275,184
12:30 p.m.,12:56 p.m.,2276,501
2:30 p.m.,2:42 p.m.,2277,502
12:00 p.m.,12:07 p.m.,2278,503
5:25 p.m.,5:38 p.m.,2279,358
7:25 a.m.,7:39 a.m.,2280,17
7:27 p.m.,7:27 p.m.,2281,359
11:35 a.m.,11:52 a.m.,2282,19
10:40 a.m.,11:05 a.m.,2283,20
3:35 p.m.,3:36 p.m.,2284,21
7:15 a.m.,7:21 a.m.,2285,22
6:30 p.m.,6:47 p.m.,2286,354
6:45 p.m.,6:56 p.m.,2287,175
12:00 p.m.,12:12 p.m.,2288,150
7:15 p.m.,7:25 p.m.,2289,357
9:15 a.m.,9:57 a.m.,2290,504
6:00 a.m.,6:56 a.m.,2291,25
7:10 a.m.,7:31 a.m.,2292,47
4:55 p.m.,5:08 p.m.,2293,27
3:50 p.m.,4:45 p.m.,2294,505
8:00 p.m.,8:23 p.m.,2295,28
10:40 a.m.,11:01 a.m.,2296,29
1:33 p.m.,1:48 p.m.,2297,183
1:29 p.m.,2:01 p.m.,2298,506
4:25 p.m.,4:35 p.m.,2299,507
9:00 p.m.,9:16 p.m.,2300,508
8:25 p.m.,8:29 p.m.,2301,356
6:59 a.m.,7:22 a.m.,2302,34
8:35 a.m.,8:51 a.m.,2303,35
1:30 p.m.,1:40 p.m.,2304,509
11:08 p.m.,11:35 p.m.,2305,510
5:30 p.m.,6:11 p.m.,2306,511
8:20 p.m.,8:40 p.m.,2307,512
2:35 p.m.,2:44 p.m.,2308,38
2:55 p.m.,3:27 p.m.,2309,39
7:15 a.m.,7:23 a.m.,2310,197
12:10 p.m.,12:10 p.m.,2311,41
1:05 p.m.,1:19 p.m.,2312,42
3:05 p.m.,3:36 p.m.,2313,44
4:00 p.m.,4:12 p.m.,2314,46
7:10 a.m.,7:32 a.m.,2315,212
11:55 a.m.,11:55 a.m.,2316,206
10:40 a.m.,10:55 a.m.,2317,207
4:00 p.m.,4:14 p.m.,2318,513
6:00 a.m.,6:10 a.m.,2319,48
7:10 a.m.,7:39 a.m.,2320,49
7:10 a.m.,7:16 a.m.,2321,0
6:40 a.m.,6:54 a.m.,2322,3
8:00 a.m.,8:29 a.m.,2323,256
7:45 p.m.,7:58 p.m.,2324,1
6:30 p.m.,6:47 p.m. (Estimated runway),2325,258
7:15 p.m.,7:15 p.m. (Estimated),2326,279
3:27 p.m.,3:28 p.m.,2327,259
11:25 p.m.,11:29 p.m. (Estimated runway),2328,261
4:00 p.m.,3:58 p.m.,2329,264
7:00 a.m.,7:25 a.m.,2330,6
4:15 p.m.,4:29 p.m.,2331,7
9:05 a.m.,10:10 a.m.,2332,15
11:50 a.m.,12:12 p.m.,2333,8
6:00 a.m.,6:08 a.m.,2334,9
11:05 a.m.,11:30 a.m.,2335,271
7:55 a.m.,8:04 a.m.,2336,11
10:15 a.m.,10:18 a.m.,2337,12
7:30 a.m.,8:04 a.m.,2338,13
1:00 p.m.,2:04 p.m.,2339,14
6:45 a.m.,6:57 a.m.,2340,18
12:15 p.m.,12:41 p.m.,2341,4
12:00 p.m.,11:51 a.m.,2342,275
7:25 a.m.,7:39 a.m.,2343,17
11:35 a.m.,11:52 a.m.,2344,19
10:40 a.m.,11:05 a.m.,2345,20
7:15 a.m.,7:21 a.m.,2346,22
6:45 p.m.,6:55 p.m.,2347,23
12:00 p.m.,12:11 p.m.,2348,24
9:15 a.m.,9:14 a.m.,2349,281
6:00 a.m.,6:56 a.m.,2350,25
7:10 a.m.,7:30 a.m.,2351,26
3:50 p.m.,4:28 p.m.,2352,282
8:00 p.m.,8:23 p.m.,2353,28
1:33 p.m.,1:31 p.m.,2354,286
11:55 p.m.,12:10 a.m. (Estimated runway),2355,288
4:25 p.m.,4:28 p.m. (Estimated runway),2356,289
9:00 p.m.,9:06 p.m. (Estimated runway),2357,290
8:25 p.m.,8:29 p.m. (Estimated runway),2358,291
6:59 a.m.,7:22 a.m.,2359,34
8:35 a.m.,8:51 a.m.,2360,35
2:30 p.m.,2:26 p.m.,2361,293
1:30 p.m.,1:41 p.m. (Estimated runway),2362,529
2:35 p.m.,2:44 p.m.,2363,38
2:55 p.m.,3:27 p.m.,2364,39
7:15 a.m.,7:22 a.m.,2365,40
12:10 p.m.,12:10 p.m.,2366,41
1:05 p.m.,1:19 p.m.,2367,42
3:05 p.m.,3:36 p.m.,2368,44
4:00 p.m.,4:12 p.m.,2369,46
7:10 a.m.,7:31 a.m.,2370,47
11:55 a.m.,11:43 a.m.,2371,301
10:40 a.m.,10:54 a.m.,2372,30
4:00 p.m.,3:58 p.m.,2373,264
6:00 a.m.,6:10 a.m.,2374,48
7:10 a.m.,7:39 a.m.,2375,49
